日期,SPU ID,展现数,点击数,点击率(%),花费,千次展现成本,平均点击成本,转化率(%),总订单金额,投产比,平均订单成本
20260917,10023832445126,27,1,3.70,0.36,13.33,0.36,0.00,0.00,0.00,0.00
20260917,10025545123115,15,1,6.67,28.05,1870.00,28.05,0.00,0.00,0.00,0.00
20260917,10029854449290,3,0,0.00,0.00,0.00,0.00,0.00,0.00,0.00,0.00
20260917,10021285672106,5,0,0.00,0.00,0.00,0.00,0.00,0.00,0.00,0.00
20260917,10035945563654,1,0,0.00,0.00,0.00,0.00,0.00,0.00,0.00,0.00
20260917,10030293373229,8,2,25.00,2.22,277.50,1.11,0.00,0.00,0.00,0.00
20260917,10030732402877,6,1,16.67,0.17,28.33,0.17,0.00,0.00,0.00,0.00
20260917,10020755063075,24,0,0.00,0.00,0.00,0.00,0.00,0.00,0.00,0.00
20260917,10023068330393,1802,54,3.00,145.33,80.65,2.69,0.00,0.00,0.00,0.00
20260917,10023066880329,35,1,2.86,0.34,9.71,0.34,0.00,0.00,0.00,0.00
20260917,10029722968460,2,0,0.00,0.00,0.00,0.00,0.00,0.00,0.00,0.00
20260917,10020726348520,11,0,0.00,0.00,0.00,0.00,0.00,0.00,0.00,0.00
20260917,10020729313552,12,3,25.00,1.70,141.67,0.57,0.00,0.00,0.00,0.00
20260917,10027864367816,1238,31,2.50,267.11,215.76,8.62,9.68,97.30,0.36,89.04
20260917,10020730849566,45,2,4.44,2.82,62.67,1.41,0.00,0.00,0.00,0.00
20260917,10023551358674,9,0,0.00,0.00,0.00,0.00,0.00,0.00,0.00,0.00
20260917,10028330722803,3,0,0.00,0.00,0.00,0.00,0.00,0.00,0.00,0.00
20260917,10024316932232,1,0,0.00,0.00,0.00,0.00,0.00,0.00,0.00,0.00
20260917,10027090410403,47,0,0.00,0.00,0.00,0.00,0.00,0.00,0.00,0.00
20260917,10026158146501,19,0,0.00,0.00,0.00,0.00,0.00,0.00,0.00,0.00
20260917,10030125372947,38,3,7.89,2.01,52.89,0.67,0.00,0.00,0.00,0.00
20260917,10024434790209,126,4,3.17,46.24,366.98,11.56,50.00,32.90,0.71,23.12
20260917,10021435658326,11,0,0.00,0.00,0.00,0.00,0.00,0.00,0.00,0.00
20260917,10023545047243,27,0,0.00,0.00,0.00,0.00,0.00,0.00,0.00,0.00
20260917,10020741022232,5,0,0.00,0.00,0.00,0.00,0.00,0.00,0.00,0.00
20260917,10020729169032,69,3,4.35,1.57,22.75,0.52,0.00,0.00,0.00,0.00
20260917,10020755311933,3,0,0.00,0.00,0.00,0.00,0.00,0.00,0.00,0.00
20260917,10026798016456,15,0,0.00,0.00,0.00,0.00,0.00,0.00,0.00,0.00
20260917,10028126660187,5,0,0.00,0.00,0.00,0.00,0.00,0.00,0.00,0.00
20260917,10021523335686,21,0,0.00,0.00,0.00,0.00,0.00,0.00,0.00,0.00
20260917,10021163283996,5,0,0.00,0.00,0.00,0.00,0.00,0.00,0.00,0.00
20260917,10023081145616,1,0,0.00,0.00,0.00,0.00,0.00,0.00,0.00,0.00
20260917,10027980566316,154,4,2.60,1.65,10.71,0.41,0.00,0.00,0.00,0.00
20260917,10020645934848,7150,108,1.51,142.61,19.95,1.32,10.19,439.60,3.08,12.96
20260917,10020756017881,8,0,0.00,0.00,0.00,0.00,0.00,0.00,0.00,0.00
20260917,10021064686221,21,0,0.00,0.00,0.00,0.00,0.00,0.00,0.00,0.00
20260917,10021435521884,151,4,2.65,1.99,13.18,0.50,0.00,0.00,0.00,0.00
20260917,10020871043315,12,0,0.00,0.00,0.00,0.00,0.00,0.00,0.00,0.00
20260917,10021521669456,19,0,0.00,0.00,0.00,0.00,0.00,0.00,0.00,0.00
20260917,10024373885691,11,0,0.00,0.00,0.00,0.00,0.00,0.00,0.00,0.00
20260917,10028129612090,33,0,0.00,0.00,0.00,0.00,0.00,0.00,0.00,0.00
20260917,10024906216952,44,3,6.82,1.04,23.64,0.35,0.00,0.00,0.00,0.00
20260917,10027997801859,33,1,3.03,0.32,9.70,0.32,0.00,0.00,0.00,0.00
20260917,10026793124801,15,0,0.00,0.00,0.00,0.00,0.00,0.00,0.00,0.00
20260917,10021445014732,6,0,0.00,0.00,0.00,0.00,0.00,0.00,0.00,0.00
20260917,10023404211120,4,0,0.00,0.00,0.00,0.00,0.00,0.00,0.00,0.00
20260917,10026124130028,14,0,0.00,0.00,0.00,0.00,0.00,0.00,0.00,0.00
20260917,10024117909789,1,0,0.00,0.00,0.00,0.00,0.00,0.00,0.00,0.00
20260917,10024418312615,15,0,0.00,0.00,0.00,0.00,0.00,0.00,0.00,0.00
20260917,10024993630147,6,0,0.00,0.00,0.00,0.00,0.00,0.00,0.00,0.00
20260917,10020730659764,44,5,11.36,3.41,77.50,0.68,0.00,0.00,0.00,0.00
20260917,10025029713977,13,0,0.00,0.00,0.00,0.00,0.00,0.00,0.00,0.00
20260917,10024708821466,2702,12,0.44,6.21,2.30,0.52,8.33,45.60,7.34,6.21
20260917,10024424355313,20,0,0.00,0.00,0.00,0.00,0.00,0.00,0.00,0.00
20260917,10023075672071,8,1,12.50,0.19,23.75,0.19,0.00,0.00,0.00,0.00
20260917,10024542948750,21,0,0.00,0.00,0.00,0.00,0.00,0.00,0.00,0.00
20260917,10020990313264,21,0,0.00,0.00,0.00,0.00,0.00,0.00,0.00,0.00
20260917,10023193612354,2,0,0.00,0.00,0.00,0.00,0.00,0.00,0.00,0.00
20260917,0,46,9,19.57,24.38,530.00,2.71,0.00,0.00,0.00,0.00
20260917,10024279036098,2317,100,4.32,164.83,71.14,1.65,14.00,553.65,3.36,11.77
20260917,10025938955422,14,0,0.00,0.00,0.00,0.00,0.00,0.00,0.00,0.00
20260917,10020729237567,940,41,4.36,130.62,138.96,3.19,2.44,109.20,0.84,130.62
20260917,10024297447563,25,0,0.00,0.00,0.00,0.00,0.00,0.00,0.00,0.00
20260917,10028936125946,53,1,1.89,2.93,55.28,2.93,0.00,0.00,0.00,0.00
20260917,10023193840131,8,0,0.00,0.00,0.00,0.00,0.00,0.00,0.00,0.00
20260917,10024475017626,4,0,0.00,0.00,0.00,0.00,0.00,0.00,0.00,0.00
20260917,10035672715685,33,0,0.00,0.00,0.00,0.00,0.00,0.00,0.00,0.00
20260917,10024290283188,142,5,3.52,6.02,42.39,1.20,0.00,0.00,0.00,0.00
20260917,10029890038761,1,0,0.00,0.00,0.00,0.00,0.00,0.00,0.00,0.00
20260917,10024654529738,11,1,9.09,1.35,122.73,1.35,0.00,0.00,0.00,0.00
20260917,10030194543445,3,0,0.00,0.00,0.00,0.00,0.00,0.00,0.00,0.00
20260917,10028194414070,5,0,0.00,0.00,0.00,0.00,0.00,0.00,0.00,0.00
20260917,10022081799600,63,3,4.76,0.93,14.76,0.31,0.00,0.00,0.00,0.00
20260917,10028680677230,3,0,0.00,0.00,0.00,0.00,0.00,0.00,0.00,0.00
20260917,10020732120696,7,0,0.00,0.00,0.00,0.00,0.00,0.00,0.00,0.00
20260917,10020643083073,1579,52,3.29,213.27,135.07,4.10,5.77,345.50,1.62,71.09
20260917,10034334035903,4,2,50.00,0.33,82.50,0.17,0.00,0.00,0.00,0.00
20260917,10025177501039,2911,51,1.75,121.54,41.75,2.38,3.92,196.00,1.61,60.77
20260917,10024177750157,1,0,0.00,0.00,0.00,0.00,0.00,0.00,0.00,0.00
20260917,10024275156623,2,0,0.00,0.00,0.00,0.00,0.00,0.00,0.00,0.00
20260917,10021068731174,11,0,0.00,0.00,0.00,0.00,0.00,0.00,0.00,0.00
20260917,10024297481164,2,0,0.00,0.00,0.00,0.00,0.00,0.00,0.00,0.00
20260917,10025770299495,2207,33,1.50,170.01,77.03,5.15,6.06,198.18,1.17,85.01
20260917,10023226165244,28,1,3.57,3.13,111.79,3.13,0.00,0.00,0.00,0.00
20260917,10023217364995,12,0,0.00,0.00,0.00,0.00,0.00,0.00,0.00,0.00
20260917,10024354948547,21,1,4.76,2.00,95.24,2.00,0.00,0.00,0.00,0.00
20260917,10023226502664,14,1,7.14,0.10,7.14,0.10,0.00,0.00,0.00,0.00
20260917,10021060138667,135,10,7.41,3.93,29.11,0.39,0.00,0.00,0.00,0.00
20260917,10029889512002,89,1,1.12,0.20,2.25,0.20,0.00,0.00,0.00,0.00
20260917,10020729353968,30,4,13.33,0.65,21.67,0.16,0.00,0.00,0.00,0.00
20260917,10023811607179,11,0,0.00,0.00,0.00,0.00,0.00,0.00,0.00,0.00
20260917,10030576776716,1,0,0.00,0.00,0.00,0.00,0.00,0.00,0.00,0.00
20260917,10023329017146,6,0,0.00,0.00,0.00,0.00,0.00,0.00,0.00,0.00
20260917,10024999078656,13,0,0.00,0.00,0.00,0.00,0.00,0.00,0.00,0.00
20260917,10023194078200,8,1,12.50,28.77,3596.25,28.77,0.00,0.00,0.00,0.00
20260917,10020647332922,4224,142,3.36,192.67,45.61,1.36,3.52,605.10,3.14,38.53
20260917,10023976770419,1533,76,4.96,193.53,126.24,2.55,2.63,233.72,1.21,96.77
20260917,10030490013518,1,0,0.00,0.00,0.00,0.00,0.00,0.00,0.00,0.00
20260917,10023063886084,26,1,3.85,0.97,37.31,0.97,0.00,0.00,0.00,0.00
20260917,10023538975917,9,1,11.11,0.64,71.11,0.64,0.00,0.00,0.00,0.00
20260917,10030786155452,9,0,0.00,0.00,0.00,0.00,0.00,0.00,0.00,0.00
20260917,10028967721938,18,1,5.56,1.95,108.33,1.95,0.00,0.00,0.00,0.00
20260917,10023547711994,3,0,0.00,0.00,0.00,0.00,0.00,0.00,0.00,0.00
20260917,10025624451053,10,1,10.00,0.10,10.00,0.10,0.00,0.00,0.00,0.00
20260917,10025624289680,20,0,0.00,0.00,0.00,0.00,0.00,0.00,0.00,0.00
20260917,10023076640352,164,10,6.10,12.86,78.41,1.29,0.00,0.00,0.00,0.00
20260917,10024644489006,6,0,0.00,0.00,0.00,0.00,0.00,0.00,0.00,0.00
20260917,10030562001116,20,0,0.00,0.00,0.00,0.00,0.00,0.00,0.00,0.00
20260916,10020729237567,642,38,5.92,56.62,88.19,1.49,0.00,0.00,0.00,0.00
20260916,10020755311933,1,0,0.00,0.00,0.00,0.00,0.00,0.00,0.00,0.00
20260916,10025545123115,14,0,0.00,0.00,0.00,0.00,0.00,0.00,0.00,0.00
20260916,10025938955422,8,0,0.00,0.00,0.00,0.00,0.00,0.00,0.00,0.00
20260916,10026124130028,13,1,7.69,2.19,168.46,2.19,0.00,0.00,0.00,0.00
20260916,10030293373229,3,0,0.00,0.00,0.00,0.00,0.00,0.00,0.00,0.00
20260916,10024708821466,198,14,7.07,11.32,57.17,0.81,7.14,52.25,4.62,11.32
20260916,10024279036098,1374,51,3.71,133.55,97.20,2.62,7.84,475.00,3.56,33.39
20260916,10020741022232,2,0,0.00,0.00,0.00,0.00,0.00,0.00,0.00,0.00
20260916,10023066880329,17,0,0.00,0.00,0.00,0.00,0.00,0.00,0.00,0.00
20260916,10021064686221,8,0,0.00,0.00,0.00,0.00,0.00,0.00,0.00,0.00
20260916,10024275156623,9,0,0.00,0.00,0.00,0.00,0.00,0.00,0.00,0.00
20260916,10030125372947,26,1,3.85,1.36,52.31,1.36,0.00,0.00,0.00,0.00
20260916,10027997801859,31,0,0.00,0.00,0.00,0.00,0.00,0.00,0.00,0.00
20260916,10024373885691,3,0,0.00,0.00,0.00,0.00,0.00,0.00,0.00,0.00
20260916,10027980566316,102,1,0.98,0.39,3.82,0.39,0.00,0.00,0.00,0.00
20260916,10024906216952,12,0,0.00,0.00,0.00,0.00,0.00,0.00,0.00,0.00
20260916,10024418312615,6,1,16.67,1.20,200.00,1.20,100.00,139.00,115.83,1.20
20260916,10027090410403,55,4,7.27,6.53,118.73,1.63,0.00,0.00,0.00,0.00
20260916,10035945563654,3,0,0.00,0.00,0.00,0.00,0.00,0.00,0.00,0.00
20260916,10021060138667,72,3,4.17,5.60,77.78,1.87,0.00,0.00,0.00,0.00
20260916,10025029713977,10,0,0.00,0.00,0.00,0.00,0.00,0.00,0.00,0.00
20260916,10023077869766,1,0,0.00,0.00,0.00,0.00,0.00,0.00,0.00,0.00
20260916,10023068330393,2125,45,2.12,116.68,54.91,2.59,0.00,0.00,0.00,0.00
20260916,10025770299495,3326,36,1.08,140.48,42.24,3.90,2.78,77.18,0.55,140.48
20260916,10023832445126,16,0,0.00,0.00,0.00,0.00,0.00,0.00,0.00,0.00
20260916,10024654529738,4,0,0.00,0.00,0.00,0.00,0.00,0.00,0.00,0.00
20260916,10026798016456,11,1,9.09,2.88,261.82,2.88,0.00,0.00,0.00,0.00
20260916,10020726348520,2,0,0.00,0.00,0.00,0.00,0.00,0.00,0.00,0.00
20260916,10023075672071,8,1,12.50,1.38,172.50,1.38,0.00,0.00,0.00,0.00
20260916,10025177501039,5801,100,1.72,335.46,57.83,3.35,4.00,595.60,1.78,83.87
20260916,10024999078656,1,0,0.00,0.00,0.00,0.00,0.00,0.00,0.00,0.00
20260916,10025624451053,4,0,0.00,0.00,0.00,0.00,0.00,0.00,0.00,0.00
20260916,10024644489006,7,0,0.00,0.00,0.00,0.00,0.00,0.00,0.00,0.00
20260916,10024290283188,352,22,6.25,19.07,54.18,0.87,9.09,121.30,6.36,9.54
20260916,10024434790209,14,0,0.00,0.00,0.00,0.00,0.00,0.00,0.00,0.00
20260916,10023545047243,15,0,0.00,0.00,0.00,0.00,0.00,0.00,0.00,0.00
20260916,10023976770419,1611,65,4.03,111.24,69.05,1.71,10.77,387.53,3.48,15.89
20260916,10023076640352,65,3,4.62,2.55,39.23,0.85,0.00,0.00,0.00,0.00
20260916,10023811607179,20,1,5.00,0.30,15.00,0.30,0.00,0.00,0.00,0.00
20260916,10029889512002,44,1,2.27,0.17,3.86,0.17,0.00,0.00,0.00,0.00
20260916,10021435521884,73,1,1.37,0.37,5.07,0.37,0.00,0.00,0.00,0.00
20260916,10021285672106,11,1,9.09,20.00,1818.18,20.00,0.00,0.00,0.00,0.00
20260916,10024424355313,6,1,16.67,1.27,211.67,1.27,0.00,0.00,0.00,0.00
20260916,10028330722803,6,0,0.00,0.00,0.00,0.00,0.00,0.00,0.00,0.00
20260916,10020729169032,74,7,9.46,9.96,134.59,1.42,0.00,0.00,0.00,0.00
20260916,10021068731174,6,2,33.33,18.64,3106.67,9.32,0.00,0.00,0.00,0.00
20260916,10021445014732,1,0,0.00,0.00,0.00,0.00,0.00,0.00,0.00,0.00
20260916,10024542948750,10,0,0.00,0.00,0.00,0.00,0.00,0.00,0.00,0.00
20260916,10023551358674,7,0,0.00,0.00,0.00,0.00,0.00,0.00,0.00,0.00
20260916,10027864367816,999,33,3.30,233.02,233.25,7.06,0.00,0.00,0.00,0.00
20260916,10023538975917,1,0,0.00,0.00,0.00,0.00,0.00,0.00,0.00,0.00
20260916,10030786155452,7,0,0.00,0.00,0.00,0.00,0.00,0.00,0.00,0.00
20260916,10023193612354,8,0,0.00,0.00,0.00,0.00,0.00,0.00,0.00,0.00
20260916,10024297481164,1,0,0.00,0.00,0.00,0.00,0.00,0.00,0.00,0.00
20260916,10020732120696,6,1,16.67,0.75,125.00,0.75,0.00,0.00,0.00,0.00
20260916,10024297447563,16,2,12.50,3.33,208.13,1.67,0.00,0.00,0.00,0.00
20260916,10023226502664,15,1,6.67,0.65,43.33,0.65,0.00,0.00,0.00,0.00
20260916,10020643083073,1489,42,2.82,121.79,81.79,2.90,0.00,0.00,0.00,0.00
20260916,10021521669456,9,0,0.00,0.00,0.00,0.00,0.00,0.00,0.00,0.00
20260916,10020729313552,7,0,0.00,0.00,0.00,0.00,0.00,0.00,0.00,0.00
20260916,10023217364995,2,0,0.00,0.00,0.00,0.00,0.00,0.00,0.00,0.00
20260916,10035672715685,14,0,0.00,0.00,0.00,0.00,0.00,0.00,0.00,0.00
20260916,10029722968460,1,0,0.00,0.00,0.00,0.00,0.00,0.00,0.00,0.00
20260916,10021163283996,2,0,0.00,0.00,0.00,0.00,0.00,0.00,0.00,0.00
20260916,10020871043315,5,0,0.00,0.00,0.00,0.00,0.00,0.00,0.00,0.00
20260916,10020647332922,3951,143,3.62,207.10,52.42,1.45,6.29,1314.72,6.35,23.01
20260916,10028194414070,1,0,0.00,0.00,0.00,0.00,0.00,0.00,0.00,0.00
20260916,10022081799600,22,2,9.09,8.62,391.82,4.31,0.00,0.00,0.00,0.00
20260916,10023274684408,1,0,0.00,0.00,0.00,0.00,0.00,0.00,0.00,0.00
20260916,10020756017881,4,0,0.00,0.00,0.00,0.00,0.00,0.00,0.00,0.00
20260916,10021523335686,13,3,23.08,16.46,1266.15,5.49,0.00,0.00,0.00,0.00
20260916,10028967721938,17,0,0.00,0.00,0.00,0.00,0.00,0.00,0.00,0.00
20260916,10025624289680,5,0,0.00,0.00,0.00,0.00,0.00,0.00,0.00,0.00
20260916,10021435658326,1,0,0.00,0.00,0.00,0.00,0.00,0.00,0.00,0.00
20260916,0,70,7,10.00,20.53,293.29,2.93,0.00,0.00,0.00,0.00
20260916,10026793124801,4,0,0.00,0.00,0.00,0.00,0.00,0.00,0.00,0.00
20260916,10023404211120,1,0,0.00,0.00,0.00,0.00,0.00,0.00,0.00,0.00
20260916,10024354948547,5,0,0.00,0.00,0.00,0.00,0.00,0.00,0.00,0.00
20260916,10020730849566,161,9,5.59,26.32,163.48,2.92,0.00,0.00,0.00,0.00
20260916,10026158146501,26,1,3.85,19.76,760.00,19.76,0.00,0.00,0.00,0.00
20260916,10028936125946,55,4,7.27,23.40,425.45,5.85,0.00,0.00,0.00,0.00
20260916,10020645934848,6324,99,1.57,133.18,21.06,1.35,5.05,279.35,2.10,26.64
20260916,10028680677230,5,0,0.00,0.00,0.00,0.00,0.00,0.00,0.00,0.00
20260916,10023063886084,29,1,3.45,0.20,6.90,0.20,0.00,0.00,0.00,0.00
20260916,10024993630147,3,0,0.00,0.00,0.00,0.00,0.00,0.00,0.00,0.00
20260916,10023226165244,14,1,7.14,0.30,21.43,0.30,0.00,0.00,0.00,0.00
20260916,10020990313264,19,0,0.00,0.00,0.00,0.00,0.00,0.00,0.00,0.00
20260916,10020755063075,8,1,12.50,0.43,53.75,0.43,0.00,0.00,0.00,0.00
20260916,10024316932232,2,0,0.00,0.00,0.00,0.00,0.00,0.00,0.00,0.00
20260916,10023194078200,8,0,0.00,0.00,0.00,0.00,0.00,0.00,0.00,0.00
20260916,10024117909789,2,0,0.00,0.00,0.00,0.00,0.00,0.00,0.00,0.00
20260916,10020729353968,91,10,10.99,4.30,47.25,0.43,30.00,181.80,42.28,1.43
20260916,10020730659764,167,20,11.98,16.40,98.20,0.82,10.00,152.00,9.27,8.20
20260915,10023551386854,14,0,0.00,0.00,0.00,0.00,0.00,0.00,0.00,0.00
20260915,10030732402877,3,0,0.00,0.00,0.00,0.00,0.00,0.00,0.00,0.00
20260915,10028129612090,9,0,0.00,0.00,0.00,0.00,0.00,0.00,0.00,0.00
20260915,10028194414070,1,0,0.00,0.00,0.00,0.00,0.00,0.00,0.00,0.00
20260915,10020726348520,20,1,5.00,1.83,91.50,1.83,0.00,0.00,0.00,0.00
20260915,10024906216952,58,5,8.62,1.96,33.79,0.39,0.00,0.00,0.00,0.00
20260915,10020755063075,50,2,4.00,1.16,23.20,0.58,0.00,0.00,0.00,0.00
20260915,10023066880329,24,3,12.50,4.35,181.25,1.45,0.00,0.00,0.00,0.00
20260915,10024279036098,3677,112,3.05,116.04,31.56,1.04,5.36,308.35,2.66,19.34
20260915,10023226502664,46,6,13.04,3.68,80.00,0.61,0.00,0.00,0.00,0.00
20260915,10021068731174,20,0,0.00,0.00,0.00,0.00,0.00,0.00,0.00,0.00
20260915,10026793124801,35,1,2.86,1.37,39.14,1.37,0.00,0.00,0.00,0.00
20260915,10024290283188,386,27,6.99,23.92,61.97,0.89,3.70,149.60,6.25,23.92
20260915,10030194543445,2,0,0.00,0.00,0.00,0.00,0.00,0.00,0.00,0.00
20260915,10030490013518,3,0,0.00,0.00,0.00,0.00,0.00,0.00,0.00,0.00
20260915,10021435658326,9,0,0.00,0.00,0.00,0.00,0.00,0.00,0.00,0.00
20260915,10024117909789,3,0,0.00,0.00,0.00,0.00,0.00,0.00,0.00,0.00
20260915,10024999078656,15,0,0.00,0.00,0.00,0.00,0.00,0.00,0.00,0.00
20260915,10020730849566,163,8,4.91,20.24,124.17,2.53,12.50,68.60,3.39,20.24
20260915,10023545047243,20,1,5.00,0.77,38.50,0.77,0.00,0.00,0.00,0.00
20260915,10020756017881,52,0,0.00,0.00,0.00,0.00,0.00,0.00,0.00,0.00
20260915,10021064686221,26,1,3.85,1.14,43.85,1.14,0.00,0.00,0.00,0.00
20260915,10028936125946,120,7,5.83,8.28,69.00,1.18,0.00,0.00,0.00,0.00
20260915,10022081799600,76,3,3.95,2.75,36.18,0.92,0.00,0.00,0.00,0.00
20260915,10024177750157,1,0,0.00,0.00,0.00,0.00,0.00,0.00,0.00,0.00
20260915,10035672715685,49,0,0.00,0.00,0.00,0.00,0.00,0.00,0.00,0.00
20260915,10025177501039,5995,127,2.12,435.89,72.71,3.43,2.36,375.50,0.86,145.30
20260915,10025770299495,4570,78,1.71,340.66,74.54,4.37,0.00,0.00,0.00,0.00
20260915,10024354948547,10,1,10.00,2.42,242.00,2.42,0.00,0.00,0.00,0.00
20260915,10020729353968,133,6,4.51,3.98,29.92,0.66,0.00,0.00,0.00,0.00
20260915,10026798016456,20,0,0.00,0.00,0.00,0.00,0.00,0.00,0.00,0.00
20260915,10023178973743,2,0,0.00,0.00,0.00,0.00,0.00,0.00,0.00,0.00
20260915,10023076640352,310,8,2.58,8.03,25.90,1.00,0.00,0.00,0.00,0.00
20260915,10021521669456,18,0,0.00,0.00,0.00,0.00,0.00,0.00,0.00,0.00
20260915,10027980566316,202,6,2.97,2.66,13.17,0.44,16.67,69.00,25.94,2.66
20260915,10024708821466,356,16,4.49,37.74,106.01,2.36,0.00,0.00,0.00,0.00
20260915,10027864367816,1099,28,2.55,247.07,224.81,8.82,0.00,0.00,0.00,0.00
20260915,10023404211120,18,0,0.00,0.00,0.00,0.00,0.00,0.00,0.00,0.00
20260915,10027997801859,42,0,0.00,0.00,0.00,0.00,0.00,0.00,0.00,0.00
20260915,10021523335686,27,1,3.70,0.38,14.07,0.38,0.00,0.00,0.00,0.00
20260915,10020729313552,44,4,9.09,3.76,85.45,0.94,0.00,0.00,0.00,0.00
20260915,10033813180150,1,0,0.00,0.00,0.00,0.00,0.00,0.00,0.00,0.00
20260915,10030125372947,61,6,9.84,5.76,94.43,0.96,0.00,0.00,0.00,0.00
20260915,10023226165244,67,3,4.48,4.04,60.30,1.35,0.00,0.00,0.00,0.00
20260915,10024297447563,44,0,0.00,0.00,0.00,0.00,0.00,0.00,0.00,0.00
20260915,10023329017146,5,0,0.00,0.00,0.00,0.00,0.00,0.00,0.00,0.00
20260915,10028330722803,7,0,0.00,0.00,0.00,0.00,0.00,0.00,0.00,0.00
20260915,10023194078200,18,0,0.00,0.00,0.00,0.00,0.00,0.00,0.00,0.00
20260915,10021163283996,9,0,0.00,0.00,0.00,0.00,0.00,0.00,0.00,0.00
20260915,10021445014732,10,0,0.00,0.00,0.00,0.00,0.00,0.00,0.00,0.00
20260915,10026124130028,61,7,11.48,7.10,116.39,1.01,14.29,298.00,41.97,7.10
20260915,10029854449290,6,0,0.00,0.00,0.00,0.00,0.00,0.00,0.00,0.00
20260915,10026158146501,4,0,0.00,0.00,0.00,0.00,0.00,0.00,0.00,0.00
20260915,10023193612354,29,0,0.00,0.00,0.00,0.00,0.00,0.00,0.00,0.00
20260915,10020730659764,140,10,7.14,8.08,57.71,0.81,20.00,76.10,9.42,4.04
20260915,10035945563654,10,0,0.00,0.00,0.00,0.00,0.00,0.00,0.00,0.00
20260915,10023217364995,11,0,0.00,0.00,0.00,0.00,0.00,0.00,0.00,0.00
20260915,10020729237567,762,39,5.12,53.40,70.08,1.37,2.56,95.00,1.78,53.40
20260915,10029889512002,140,2,1.43,0.20,1.43,0.10,0.00,0.00,0.00,0.00
20260915,10023068330393,1632,42,2.57,110.00,67.40,2.62,0.00,0.00,0.00,0.00
20260915,10020645934848,3161,102,3.23,134.93,42.69,1.32,16.67,1740.24,12.90,7.94
20260915,10028126660187,13,0,0.00,0.00,0.00,0.00,0.00,0.00,0.00,0.00
20260915,10023811607179,38,0,0.00,0.00,0.00,0.00,0.00,0.00,0.00,0.00
20260915,10025029713977,31,0,0.00,0.00,0.00,0.00,0.00,0.00,0.00,0.00
20260915,10023075672071,26,0,0.00,0.00,0.00,0.00,0.00,0.00,0.00,0.00
20260915,10030562001116,21,0,0.00,0.00,0.00,0.00,0.00,0.00,0.00,0.00
20260915,10023832445126,56,3,5.36,4.17,74.46,1.39,0.00,0.00,0.00,0.00
20260915,10024993630147,3,0,0.00,0.00,0.00,0.00,0.00,0.00,0.00,0.00
20260915,10025624451053,26,0,0.00,0.00,0.00,0.00,0.00,0.00,0.00,0.00
20260915,10023547681960,2,0,0.00,0.00,0.00,0.00,0.00,0.00,0.00,0.00
20260915,10023081145616,1,0,0.00,0.00,0.00,0.00,0.00,0.00,0.00,0.00
20260915,10020643083073,2616,114,4.36,224.03,85.64,1.97,4.39,568.20,2.54,44.81
20260915,10024424355313,24,2,8.33,3.54,147.50,1.77,0.00,0.00,0.00,0.00
20260915,10024418312615,26,0,0.00,0.00,0.00,0.00,0.00,0.00,0.00,0.00
20260915,10020741022232,16,1,6.25,1.15,71.88,1.15,0.00,0.00,0.00,0.00
20260915,10023551358674,10,0,0.00,0.00,0.00,0.00,0.00,0.00,0.00,0.00
20260915,10020990313264,39,1,2.56,5.70,146.15,5.70,0.00,0.00,0.00,0.00
20260915,10024297481164,3,0,0.00,0.00,0.00,0.00,0.00,0.00,0.00,0.00
20260915,0,120,14,11.67,26.61,221.75,1.90,14.29,787.00,29.58,13.31
20260915,10021435521884,246,2,0.81,0.81,3.29,0.41,50.00,59.90,73.95,0.81
20260915,10024316932232,4,0,0.00,0.00,0.00,0.00,0.00,0.00,0.00,0.00
20260915,10021285672106,3,0,0.00,0.00,0.00,0.00,0.00,0.00,0.00,0.00
20260915,10029890038761,1,0,0.00,0.00,0.00,0.00,0.00,0.00,0.00,0.00
20260915,10025545123115,20,3,15.00,6.66,333.00,2.22,33.33,598.00,89.79,6.66
20260915,10023976770419,1662,49,2.95,110.34,66.39,2.25,10.20,350.50,3.18,22.07
20260915,10024434790209,32,0,0.00,0.00,0.00,0.00,0.00,0.00,0.00,0.00
20260915,10020732120696,26,0,0.00,0.00,0.00,0.00,0.00,0.00,0.00,0.00
20260915,10030786155452,31,0,0.00,0.00,0.00,0.00,0.00,0.00,0.00,0.00
20260915,10027090410403,62,0,0.00,0.00,0.00,0.00,0.00,0.00,0.00,0.00
20260915,10025938955422,10,1,10.00,1.76,176.00,1.76,0.00,0.00,0.00,0.00
20260915,10024644489006,10,1,10.00,0.10,10.00,0.10,0.00,0.00,0.00,0.00
20260915,10023538975917,35,3,8.57,4.04,115.43,1.35,0.00,0.00,0.00,0.00
20260915,10020871043315,25,0,0.00,0.00,0.00,0.00,0.00,0.00,0.00,0.00
20260915,10024373885691,6,0,0.00,0.00,0.00,0.00,0.00,0.00,0.00,0.00
20260915,10023274684408,1,0,0.00,0.00,0.00,0.00,0.00,0.00,0.00,0.00
20260915,10023547711994,3,0,0.00,0.00,0.00,0.00,0.00,0.00,0.00,0.00
20260915,10025624289680,28,1,3.57,0.10,3.57,0.10,0.00,0.00,0.00,0.00
20260915,10030576776716,5,1,20.00,1.49,298.00,1.49,0.00,0.00,0.00,0.00
20260915,10021060138667,238,9,3.78,9.62,40.42,1.07,0.00,0.00,0.00,0.00
20260915,10020755311933,4,0,0.00,0.00,0.00,0.00,0.00,0.00,0.00,0.00
20260915,10028680677230,8,0,0.00,0.00,0.00,0.00,0.00,0.00,0.00,0.00
20260915,10020729169032,141,10,7.09,7.02,49.79,0.70,30.00,117.80,16.78,2.34
20260915,10020647332922,4442,182,4.10,227.62,51.24,1.25,2.75,713.00,3.13,45.52
20260915,10023063886084,844,3,0.36,2.12,2.51,0.71,0.00,0.00,0.00,0.00
20260915,10034334035903,29,0,0.00,0.00,0.00,0.00,0.00,0.00,0.00,0.00
20260915,10023193840131,5,0,0.00,0.00,0.00,0.00,0.00,0.00,0.00,0.00
20260915,10028967721938,59,2,3.39,1.90,32.20,0.95,0.00,0.00,0.00,0.00
20260915,10024542948750,58,1,1.72,0.94,16.21,0.94,0.00,0.00,0.00,0.00
20260915,10024654529738,6,0,0.00,0.00,0.00,0.00,0.00,0.00,0.00,0.00
20260914,10024542948750,53,2,3.77,5.63,106.23,2.82,0.00,0.00,0.00,0.00
20260914,10024290283188,349,26,7.45,24.65,70.63,0.95,15.38,152.10,6.17,6.16
20260914,10024354948547,22,0,0.00,0.00,0.00,0.00,0.00,0.00,0.00,0.00
20260914,10023545047243,8,0,0.00,0.00,0.00,0.00,0.00,0.00,0.00,0.00
20260914,10023329017146,1,0,0.00,0.00,0.00,0.00,0.00,0.00,0.00,0.00
20260914,10024418312615,30,2,6.67,1.77,59.00,0.89,0.00,0.00,0.00,0.00
20260914,10028967721938,37,1,2.70,0.27,7.30,0.27,0.00,0.00,0.00,0.00
20260914,10025624289680,23,1,4.35,0.13,5.65,0.13,0.00,0.00,0.00,0.00
20260914,10028129612090,9,0,0.00,0.00,0.00,0.00,0.00,0.00,0.00,0.00
20260914,10024279036098,5224,126,2.41,159.78,30.59,1.27,11.90,522.75,3.27,10.65
20260914,10020726348520,9,0,0.00,0.00,0.00,0.00,0.00,0.00,0.00,0.00
20260914,10024297481164,2,0,0.00,0.00,0.00,0.00,0.00,0.00,0.00,0.00
20260914,10024373885691,8,1,12.50,2.79,348.75,2.79,0.00,0.00,0.00,0.00
20260914,10023404211120,10,0,0.00,0.00,0.00,0.00,0.00,0.00,0.00,0.00
20260914,10023076640352,270,10,3.70,15.81,58.56,1.58,0.00,0.00,0.00,0.00
20260914,10021435521884,24,0,0.00,0.00,0.00,0.00,0.00,0.00,0.00,0.00
20260914,10030562001116,8,1,12.50,1.04,130.00,1.04,0.00,0.00,0.00,0.00
20260914,10025938955422,22,0,0.00,0.00,0.00,0.00,0.00,0.00,0.00,0.00
20260914,10025545123115,7,0,0.00,0.00,0.00,0.00,0.00,0.00,0.00,0.00
20260914,10023226502664,41,1,2.44,1.17,28.54,1.17,0.00,0.00,0.00,0.00
20260914,10029722968460,2,0,0.00,0.00,0.00,0.00,0.00,0.00,0.00,0.00
20260914,10023547711994,3,0,0.00,0.00,0.00,0.00,0.00,0.00,0.00,0.00
20260914,0,132,19,14.39,24.26,183.79,1.28,0.00,0.00,0.00,0.00
20260914,10024434790209,29,0,0.00,0.00,0.00,0.00,0.00,0.00,0.00,0.00
20260914,10024117909789,1,0,0.00,0.00,0.00,0.00,0.00,0.00,0.00,0.00
20260914,10021521669456,46,1,2.17,1.51,32.83,1.51,0.00,0.00,0.00,0.00
20260914,10026158146501,18,0,0.00,0.00,0.00,0.00,0.00,0.00,0.00,0.00
20260914,10024316932232,1,0,0.00,0.00,0.00,0.00,0.00,0.00,0.00,0.00
20260914,10020755063075,21,0,0.00,0.00,0.00,0.00,0.00,0.00,0.00,0.00
20260914,10029854449290,4,0,0.00,0.00,0.00,0.00,0.00,0.00,0.00,0.00
20260914,10023832445126,25,1,4.00,0.55,22.00,0.55,0.00,0.00,0.00,0.00
20260914,10023226165244,77,5,6.49,8.14,105.71,1.63,0.00,0.00,0.00,0.00
20260914,10026124130028,22,0,0.00,0.00,0.00,0.00,0.00,0.00,0.00,0.00
20260914,10023226321640,1,0,0.00,0.00,0.00,0.00,0.00,0.00,0.00,0.00
20260914,10024177750157,4,0,0.00,0.00,0.00,0.00,0.00,0.00,0.00,0.00
20260914,10030194543445,3,0,0.00,0.00,0.00,0.00,0.00,0.00,0.00,0.00
20260914,10030732402877,4,0,0.00,0.00,0.00,0.00,0.00,0.00,0.00,0.00
20260914,10024999078656,3,0,0.00,0.00,0.00,0.00,0.00,0.00,0.00,0.00
20260914,10027090410403,29,1,3.45,0.36,12.41,0.36,0.00,0.00,0.00,0.00
20260914,10023081145616,4,0,0.00,0.00,0.00,0.00,0.00,0.00,0.00,0.00
20260914,10035672715685,130,3,2.31,2.26,17.38,0.75,33.33,79.90,35.35,2.26
20260914,10030576776716,1,0,0.00,0.00,0.00,0.00,0.00,0.00,0.00,0.00
20260914,10020730849566,153,12,7.84,20.17,131.83,1.68,25.00,124.94,6.19,6.72
20260914,10023193840131,4,0,0.00,0.00,0.00,0.00,0.00,0.00,0.00,0.00
20260914,10022081799600,53,0,0.00,0.00,0.00,0.00,0.00,0.00,0.00,0.00
20260914,10021445014732,11,1,9.09,0.36,32.73,0.36,0.00,0.00,0.00,0.00
20260914,10024297447563,11,0,0.00,0.00,0.00,0.00,0.00,0.00,0.00,0.00
20260914,10021523335686,12,0,0.00,0.00,0.00,0.00,0.00,0.00,0.00,0.00
20260914,10020741022232,31,2,6.45,0.81,26.13,0.41,0.00,0.00,0.00,0.00
20260914,10021064686221,20,6,30.00,5.77,288.50,0.96,0.00,0.00,0.00,0.00
20260914,10023217364995,2,0,0.00,0.00,0.00,0.00,0.00,0.00,0.00,0.00
20260914,10020730659764,137,9,6.57,6.55,47.81,0.73,0.00,0.00,0.00,0.00
20260914,10027864367816,1922,36,1.87,279.30,145.32,7.76,0.00,0.00,0.00,0.00
20260914,10035945563654,5,0,0.00,0.00,0.00,0.00,0.00,0.00,0.00,0.00
20260914,10026793124801,20,0,0.00,0.00,0.00,0.00,0.00,0.00,0.00,0.00
20260914,10027980566316,85,7,8.24,6.15,72.35,0.88,14.29,69.00,11.22,6.15
20260914,10021068731174,24,4,16.67,4.81,200.42,1.20,25.00,208.00,43.24,4.81
20260914,10023976770419,1331,69,5.18,107.03,80.41,1.55,13.04,587.42,5.49,11.89
20260914,10023068330393,2362,59,2.50,226.04,95.70,3.83,3.39,665.00,2.94,113.02
20260914,10020645934848,2021,72,3.56,138.89,68.72,1.93,12.50,443.65,3.19,15.43
20260914,10020732120696,11,0,0.00,0.00,0.00,0.00,0.00,0.00,0.00,0.00
20260914,10026798016456,16,1,6.25,0.10,6.25,0.10,0.00,0.00,0.00,0.00
20260914,10034334035903,7,0,0.00,0.00,0.00,0.00,0.00,0.00,0.00,0.00
20260914,10024644489006,13,0,0.00,0.00,0.00,0.00,0.00,0.00,0.00,0.00
20260914,10030125372947,37,2,5.41,0.32,8.65,0.16,0.00,0.00,0.00,0.00
20260914,10025029713977,30,1,3.33,0.63,21.00,0.63,0.00,0.00,0.00,0.00
20260914,10021163283996,4,0,0.00,0.00,0.00,0.00,0.00,0.00,0.00,0.00
20260914,10024654529738,3,1,33.33,4.69,1563.33,4.69,0.00,0.00,0.00,0.00
20260914,10025770299495,6434,97,1.51,338.00,52.53,3.48,4.12,605.48,1.79,84.50
20260914,10020756017881,18,0,0.00,0.00,0.00,0.00,0.00,0.00,0.00,0.00
20260914,10021060138667,128,5,3.91,3.66,28.59,0.73,0.00,0.00,0.00,0.00
20260914,10023811607179,16,0,0.00,0.00,0.00,0.00,0.00,0.00,0.00,0.00
20260914,10020990313264,23,0,0.00,0.00,0.00,0.00,0.00,0.00,0.00,0.00
20260914,10028126660187,16,0,0.00,0.00,0.00,0.00,0.00,0.00,0.00,0.00
20260914,10028194414070,2,0,0.00,0.00,0.00,0.00,0.00,0.00,0.00,0.00
20260914,10028330722803,10,0,0.00,0.00,0.00,0.00,0.00,0.00,0.00,0.00
20260914,10020729169032,91,1,1.10,0.89,9.78,0.89,0.00,0.00,0.00,0.00
20260914,10030786155452,23,1,4.35,0.99,43.04,0.99,0.00,0.00,0.00,0.00
20260914,10024993630147,6,0,0.00,0.00,0.00,0.00,0.00,0.00,0.00,0.00
20260914,10023178973743,1,0,0.00,0.00,0.00,0.00,0.00,0.00,0.00,0.00
20260914,10028936125946,58,1,1.72,2.01,34.66,2.01,0.00,0.00,0.00,0.00
20260914,10023193612354,28,0,0.00,0.00,0.00,0.00,0.00,0.00,0.00,0.00
20260914,10028680677230,8,0,0.00,0.00,0.00,0.00,0.00,0.00,0.00,0.00
20260914,10025624451053,10,0,0.00,0.00,0.00,0.00,0.00,0.00,0.00,0.00
20260914,10024424355313,12,1,8.33,0.26,21.67,0.26,0.00,0.00,0.00,0.00
20260914,10023538975917,15,0,0.00,0.00,0.00,0.00,0.00,0.00,0.00,0.00
20260914,10023075672071,40,2,5.00,1.71,42.75,0.86,0.00,0.00,0.00,0.00
20260914,10020729313552,57,1,1.75,0.40,7.02,0.40,0.00,0.00,0.00,0.00
20260914,10020643083073,3854,148,3.84,304.43,78.99,2.06,3.38,607.50,2.00,60.89
20260914,10025177501039,7347,132,1.80,362.58,49.35,2.75,1.52,376.00,1.04,181.29
20260914,10024906216952,80,6,7.50,3.29,41.13,0.55,0.00,0.00,0.00,0.00
20260914,10023551358674,10,0,0.00,0.00,0.00,0.00,0.00,0.00,0.00,0.00
20260914,10020755311933,9,1,11.11,0.54,60.00,0.54,0.00,0.00,0.00,0.00
20260914,10024475017626,2,0,0.00,0.00,0.00,0.00,0.00,0.00,0.00,0.00
20260914,10020729353968,150,6,4.00,1.83,12.20,0.31,16.67,35.90,19.62,1.83
20260914,10027997801859,26,0,0.00,0.00,0.00,0.00,0.00,0.00,0.00,0.00
20260914,10023066880329,30,0,0.00,0.00,0.00,0.00,0.00,0.00,0.00,0.00
20260914,10023063886084,111,0,0.00,0.00,0.00,0.00,0.00,0.00,0.00,0.00
20260914,10021435658326,4,1,25.00,0.77,192.50,0.77,0.00,0.00,0.00,0.00
20260914,10024708821466,280,21,7.50,43.32,154.71,2.06,0.00,0.00,0.00,0.00
20260914,10020647332922,2998,128,4.27,246.07,82.08,1.92,7.81,1328.00,5.40,24.61
20260914,10023194078200,6,0,0.00,0.00,0.00,0.00,0.00,0.00,0.00,0.00
20260914,10029889512002,106,4,3.77,2.19,20.66,0.55,25.00,77.40,35.34,2.19
20260914,10020729237567,807,46,5.70,69.18,85.72,1.50,2.17,62.10,0.90,69.18
20260914,10020871043315,23,1,4.35,0.10,4.35,0.10,0.00,0.00,0.00,0.00
20260913,10028194414070,11,1,9.09,0.41,37.27,0.41,0.00,0.00,0.00,0.00
20260913,10023193840131,11,0,0.00,0.00,0.00,0.00,0.00,0.00,0.00,0.00
20260913,10026124130028,15,1,6.67,0.36,24.00,0.36,0.00,0.00,0.00,0.00
20260913,10035672715685,269,6,2.23,20.81,77.36,3.47,0.00,0.00,0.00,0.00
20260913,10029890038761,4,0,0.00,0.00,0.00,0.00,0.00,0.00,0.00,0.00
20260913,10025624289680,22,0,0.00,0.00,0.00,0.00,0.00,0.00,0.00,0.00
20260913,10023066880329,41,0,0.00,0.00,0.00,0.00,0.00,0.00,0.00,0.00
20260913,10023329017146,1,0,0.00,0.00,0.00,0.00,0.00,0.00,0.00,0.00
20260913,10034334035903,31,2,6.45,0.21,6.77,0.11,0.00,0.00,0.00,0.00
20260913,10020755063075,31,2,6.45,2.20,70.97,1.10,0.00,0.00,0.00,0.00
20260913,10028936125946,63,4,6.35,4.29,68.10,1.07,0.00,0.00,0.00,0.00
20260913,10023547711994,1,0,0.00,0.00,0.00,0.00,0.00,0.00,0.00,0.00
20260913,10021064686221,16,0,0.00,0.00,0.00,0.00,0.00,0.00,0.00,0.00
20260913,10028330722803,3,0,0.00,0.00,0.00,0.00,0.00,0.00,0.00,0.00
20260913,10027980566316,206,10,4.85,6.74,32.72,0.67,0.00,0.00,0.00,0.00
20260913,10024290283188,257,16,6.23,36.03,140.19,2.25,0.00,0.00,0.00,0.00
20260913,10021435521884,189,3,1.59,1.99,10.53,0.66,0.00,0.00,0.00,0.00
20260913,10023545047243,8,0,0.00,0.00,0.00,0.00,0.00,0.00,0.00,0.00
20260913,10030576776716,1,0,0.00,0.00,0.00,0.00,0.00,0.00,0.00,0.00
20260913,10024373885691,2,0,0.00,0.00,0.00,0.00,0.00,0.00,0.00,0.00
20260913,10025029713977,34,0,0.00,0.00,0.00,0.00,0.00,0.00,0.00,0.00
20260913,10020729237567,917,45,4.91,110.23,120.21,2.45,6.67,292.30,2.65,36.74
20260913,10023075672071,30,1,3.33,0.26,8.67,0.26,0.00,0.00,0.00,0.00
20260913,10023076640352,342,7,2.05,9.79,28.63,1.40,0.00,0.00,0.00,0.00
20260913,10020729353968,74,3,4.05,0.43,5.81,0.14,0.00,0.00,0.00,0.00
20260913,10021060138667,136,7,5.15,2.66,19.56,0.38,0.00,0.00,0.00,0.00
20260913,10027090410403,48,4,8.33,1.45,30.21,0.36,25.00,26.30,18.14,1.45
20260913,10030562001116,8,0,0.00,0.00,0.00,0.00,0.00,0.00,0.00,0.00
20260913,10024297447563,32,1,3.13,0.27,8.44,0.27,0.00,0.00,0.00,0.00
20260913,10020729313552,84,2,2.38,5.79,68.93,2.90,50.00,246.40,42.56,5.79
20260913,10024644489006,13,0,0.00,0.00,0.00,0.00,0.00,0.00,0.00,0.00
20260913,10023404211120,5,0,0.00,0.00,0.00,0.00,0.00,0.00,0.00,0.00
20260913,10023226321640,2,0,0.00,0.00,0.00,0.00,0.00,0.00,0.00,0.00
20260913,10020871043315,46,1,2.17,0.26,5.65,0.26,0.00,0.00,0.00,0.00
20260913,10023274684408,1,0,0.00,0.00,0.00,0.00,0.00,0.00,0.00,0.00
20260913,10026793124801,40,3,7.50,7.77,194.25,2.59,66.67,911.53,117.31,3.89
20260913,10023063886084,58,1,1.72,0.92,15.86,0.92,0.00,0.00,0.00,0.00
20260913,10021435658326,11,1,9.09,0.34,30.91,0.34,0.00,0.00,0.00,0.00
20260913,10030786155452,29,1,3.45,0.40,13.79,0.40,0.00,0.00,0.00,0.00
20260913,0,277,25,9.03,21.21,76.57,0.85,0.00,0.00,0.00,0.00
20260913,10023226502664,53,0,0.00,0.00,0.00,0.00,0.00,0.00,0.00,0.00
20260913,10023551358674,23,1,4.35,3.98,173.04,3.98,0.00,0.00,0.00,0.00
20260913,10028129612090,21,1,4.76,0.36,17.14,0.36,0.00,0.00,0.00,0.00
20260913,10020732120696,15,0,0.00,0.00,0.00,0.00,0.00,0.00,0.00,0.00
20260913,10021163283996,21,0,0.00,0.00,0.00,0.00,0.00,0.00,0.00,0.00
20260913,10023976770419,1342,49,3.65,87.32,65.07,1.78,20.41,634.99,7.27,8.73
20260913,10027997801859,34,2,5.88,0.21,6.18,0.11,0.00,0.00,0.00,0.00
20260913,10025938955422,30,0,0.00,0.00,0.00,0.00,0.00,0.00,0.00,0.00
20260913,10024654529738,1,0,0.00,0.00,0.00,0.00,0.00,0.00,0.00,0.00
20260913,10024999078656,11,1,9.09,1.48,134.55,1.48,0.00,0.00,0.00,0.00
20260913,10021445014732,6,0,0.00,0.00,0.00,0.00,0.00,0.00,0.00,0.00
20260913,10024297481164,2,0,0.00,0.00,0.00,0.00,0.00,0.00,0.00,0.00
20260913,10022081799600,55,4,7.27,3.10,56.36,0.78,0.00,0.00,0.00,0.00
20260913,10023081145616,6,2,33.33,3.06,510.00,1.53,0.00,0.00,0.00,0.00
20260913,10023217364995,6,0,0.00,0.00,0.00,0.00,0.00,0.00,0.00,0.00
20260913,10023538975917,20,1,5.00,5.20,260.00,5.20,100.00,698.00,134.23,5.20
20260913,10026798016456,14,0,0.00,0.00,0.00,0.00,0.00,0.00,0.00,0.00
20260913,10025545123115,9,0,0.00,0.00,0.00,0.00,0.00,0.00,0.00,0.00
20260913,10030125372947,52,1,1.92,0.34,6.54,0.34,0.00,0.00,0.00,0.00
20260913,10023068330393,3923,76,1.94,109.41,27.89,1.44,2.63,606.00,5.54,54.71
20260913,10035945563654,1,0,0.00,0.00,0.00,0.00,0.00,0.00,0.00,0.00
20260913,10020647332922,4856,159,3.27,227.83,46.92,1.43,8.18,1892.50,8.31,17.53
20260913,10027864367816,3775,44,1.17,303.20,80.32,6.89,4.55,3635.80,11.99,151.60
20260913,10023194078200,3,0,0.00,0.00,0.00,0.00,0.00,0.00,0.00,0.00
20260913,10028967721938,34,1,2.94,0.43,12.65,0.43,0.00,0.00,0.00,0.00
20260913,10024117909789,8,0,0.00,0.00,0.00,0.00,0.00,0.00,0.00,0.00
20260913,10020726348520,2,0,0.00,0.00,0.00,0.00,0.00,0.00,0.00,0.00
20260913,10024424355313,6,0,0.00,0.00,0.00,0.00,0.00,0.00,0.00,0.00
20260913,10024177750157,4,0,0.00,0.00,0.00,0.00,0.00,0.00,0.00,0.00
20260913,10024993630147,2,0,0.00,0.00,0.00,0.00,0.00,0.00,0.00,0.00
20260913,10026158146501,5,0,0.00,0.00,0.00,0.00,0.00,0.00,0.00,0.00
20260913,10020730659764,83,10,12.05,37.71,454.34,3.77,0.00,0.00,0.00,0.00
20260913,10025770299495,7273,112,1.54,366.25,50.36,3.27,2.68,477.18,1.30,122.08
20260913,10021523335686,5,1,20.00,2.21,442.00,2.21,0.00,0.00,0.00,0.00
20260913,10023193612354,41,1,2.44,0.61,14.88,0.61,0.00,0.00,0.00,0.00
20260913,10025177501039,7475,145,1.94,462.93,61.93,3.19,5.52,1801.15,3.89,57.87
20260913,10025624451053,6,0,0.00,0.00,0.00,0.00,0.00,0.00,0.00,0.00
20260913,10020643083073,4193,156,3.72,434.46,103.62,2.79,3.21,564.30,1.30,86.89
20260913,10020730849566,115,1,0.87,12.47,108.43,12.47,100.00,139.00,11.15,12.47
20260913,10021068731174,23,7,30.43,10.63,462.17,1.52,0.00,0.00,0.00,0.00
20260913,10024708821466,179,9,5.03,37.15,207.54,4.13,11.11,150.10,4.04,37.15
20260913,10024906216952,62,2,3.23,0.79,12.74,0.40,0.00,0.00,0.00,0.00
20260913,10020741022232,72,7,9.72,3.15,43.75,0.45,14.29,54.80,17.40,3.15
20260913,10024542948750,108,8,7.41,8.40,77.78,1.05,12.50,262.00,31.19,8.40
20260913,10024434790209,50,3,6.00,1.90,38.00,0.63,0.00,0.00,0.00,0.00
20260913,10023832445126,47,1,2.13,0.36,7.66,0.36,0.00,0.00,0.00,0.00
20260913,10023129966083,2,0,0.00,0.00,0.00,0.00,0.00,0.00,0.00,0.00
20260913,10020990313264,19,1,5.26,0.44,23.16,0.44,0.00,0.00,0.00,0.00
20260913,10024418312615,29,0,0.00,0.00,0.00,0.00,0.00,0.00,0.00,0.00
20260913,10021521669456,14,0,0.00,0.00,0.00,0.00,0.00,0.00,0.00,0.00
20260913,10029889512002,220,15,6.82,3.98,18.09,0.27,20.00,91.40,22.96,1.33
20260913,10024354948547,36,0,0.00,0.00,0.00,0.00,0.00,0.00,0.00,0.00
20260913,10030732402877,9,0,0.00,0.00,0.00,0.00,0.00,0.00,0.00,0.00
20260913,10028680677230,5,0,0.00,0.00,0.00,0.00,0.00,0.00,0.00,0.00
20260913,10023178973743,15,0,0.00,0.00,0.00,0.00,0.00,0.00,0.00,0.00
20260913,10020756017881,48,0,0.00,0.00,0.00,0.00,0.00,0.00,0.00,0.00
20260913,10028126660187,8,0,0.00,0.00,0.00,0.00,0.00,0.00,0.00,0.00
20260913,10029854449290,1,0,0.00,0.00,0.00,0.00,0.00,0.00,0.00,0.00
20260913,10024279036098,2765,121,4.38,128.99,46.65,1.07,8.26,517.55,4.01,12.90
20260913,10020755311933,3,0,0.00,0.00,0.00,0.00,0.00,0.00,0.00,0.00
20260913,10024475017626,4,0,0.00,0.00,0.00,0.00,0.00,0.00,0.00,0.00
20260913,10030490013518,1,0,0.00,0.00,0.00,0.00,0.00,0.00,0.00,0.00
20260913,10020729169032,143,3,2.10,3.84,26.85,1.28,66.67,98.30,25.60,1.92
20260913,10023811607179,32,0,0.00,0.00,0.00,0.00,0.00,0.00,0.00,0.00
20260913,10023226165244,82,2,2.44,5.13,62.56,2.57,0.00,0.00,0.00,0.00
20260913,10030293373229,1,0,0.00,0.00,0.00,0.00,0.00,0.00,0.00,0.00
20260913,10020645934848,4774,144,3.02,222.16,46.54,1.54,7.64,417.45,1.88,20.20
20260912,10024644489006,6,1,16.67,2.84,473.33,2.84,0.00,0.00,0.00,0.00
20260912,10021523335686,12,0,0.00,0.00,0.00,0.00,0.00,0.00,0.00,0.00
20260912,10021435521884,195,1,0.51,3.78,19.38,3.78,0.00,0.00,0.00,0.00
20260912,10030194543445,4,0,0.00,0.00,0.00,0.00,0.00,0.00,0.00,0.00
20260912,10023081145616,6,0,0.00,0.00,0.00,0.00,0.00,0.00,0.00,0.00
20260912,10023068330393,568,21,3.70,110.00,193.66,5.24,4.76,980.00,8.91,110.00
20260912,10029854449290,4,0,0.00,0.00,0.00,0.00,0.00,0.00,0.00,0.00
20260912,10023811607179,5,0,0.00,0.00,0.00,0.00,0.00,0.00,0.00,0.00
20260912,10023976770419,1168,47,4.02,97.03,83.07,2.06,10.64,297.34,3.06,19.41
20260912,10030562001116,2,0,0.00,0.00,0.00,0.00,0.00,0.00,0.00,0.00
20260912,10020729169032,76,3,3.95,6.77,89.08,2.26,0.00,0.00,0.00,0.00
20260912,10022081799600,43,2,4.65,4.38,101.86,2.19,0.00,0.00,0.00,0.00
20260912,10021285672106,1,0,0.00,0.00,0.00,0.00,0.00,0.00,0.00,0.00
20260912,10023545047243,7,0,0.00,0.00,0.00,0.00,0.00,0.00,0.00,0.00
20260912,10030125372947,20,0,0.00,0.00,0.00,0.00,0.00,0.00,0.00,0.00
20260912,10030732402877,3,0,0.00,0.00,0.00,0.00,0.00,0.00,0.00,0.00
20260912,10020730659764,127,8,6.30,8.48,66.77,1.06,12.50,43.10,5.08,8.48
20260912,10023066880329,19,0,0.00,0.00,0.00,0.00,0.00,0.00,0.00,0.00
20260912,10024708821466,263,13,4.94,34.90,132.70,2.68,46.15,1011.34,28.98,5.82
20260912,0,28,5,17.86,22.02,786.43,4.40,20.00,42.20,1.92,22.02
20260912,10025624451053,13,0,0.00,0.00,0.00,0.00,0.00,0.00,0.00,0.00
20260912,10023274684408,1,0,0.00,0.00,0.00,0.00,0.00,0.00,0.00,0.00
20260912,10023076640352,171,8,4.68,20.10,117.54,2.51,0.00,0.00,0.00,0.00
20260912,10024475017626,1,0,0.00,0.00,0.00,0.00,0.00,0.00,0.00,0.00
20260912,10023129966083,1,0,0.00,0.00,0.00,0.00,0.00,0.00,0.00,0.00
20260912,10028967721938,21,0,0.00,0.00,0.00,0.00,0.00,0.00,0.00,0.00
20260912,10023226165244,36,1,2.78,0.90,25.00,0.90,0.00,0.00,0.00,0.00
20260912,10026124130028,6,1,16.67,1.30,216.67,1.30,0.00,0.00,0.00,0.00
20260912,10024993630147,7,1,14.29,1.60,228.57,1.60,0.00,0.00,0.00,0.00
20260912,10024418312615,16,0,0.00,0.00,0.00,0.00,0.00,0.00,0.00,0.00
20260912,10024290283188,309,24,7.77,30.01,97.12,1.25,8.33,154.80,5.16,15.01
20260912,10023193840131,1,0,0.00,0.00,0.00,0.00,0.00,0.00,0.00,0.00
20260912,10020990313264,20,2,10.00,6.68,334.00,3.34,0.00,0.00,0.00,0.00
20260912,10028330722803,2,0,0.00,0.00,0.00,0.00,0.00,0.00,0.00,0.00
20260912,10025177501039,4658,106,2.28,281.66,60.47,2.66,0.00,0.00,0.00,0.00
20260912,10027997801859,31,3,9.68,1.10,35.48,0.37,0.00,0.00,0.00,0.00
20260912,10021445014732,1,0,0.00,0.00,0.00,0.00,0.00,0.00,0.00,0.00
20260912,10024279036098,2640,85,3.22,111.19,42.12,1.31,4.71,109.15,0.98,27.80
20260912,10023193612354,23,0,0.00,0.00,0.00,0.00,0.00,0.00,0.00,0.00
20260912,10028680677230,9,0,0.00,0.00,0.00,0.00,0.00,0.00,0.00,0.00
20260912,10027864367816,1799,23,1.28,144.45,80.29,6.28,8.70,406.90,2.82,72.23
20260912,10025770299495,3427,57,1.66,244.47,71.34,4.29,5.26,253.36,1.04,81.49
20260912,10034334035903,3,0,0.00,0.00,0.00,0.00,0.00,0.00,0.00,0.00
20260912,10021060138667,110,4,3.64,5.09,46.27,1.27,0.00,0.00,0.00,0.00
20260912,10024906216952,37,2,5.41,1.05,28.38,0.53,0.00,0.00,0.00,0.00
20260912,10020643083073,2777,140,5.04,431.49,155.38,3.08,7.14,1198.00,2.78,43.15
20260912,10026158146501,1,0,0.00,0.00,0.00,0.00,0.00,0.00,0.00,0.00
20260912,10028126660187,8,1,12.50,1.84,230.00,1.84,0.00,0.00,0.00,0.00
20260912,10035945563654,2,0,0.00,0.00,0.00,0.00,0.00,0.00,0.00,0.00
20260912,10023178973743,1,0,0.00,0.00,0.00,0.00,0.00,0.00,0.00,0.00
20260912,10020755063075,21,0,0.00,0.00,0.00,0.00,0.00,0.00,0.00,0.00
20260912,10021068731174,11,0,0.00,0.00,0.00,0.00,0.00,0.00,0.00,0.00
20260912,10023075672071,18,1,5.56,0.48,26.67,0.48,0.00,0.00,0.00,0.00
20260912,10023404211120,4,0,0.00,0.00,0.00,0.00,0.00,0.00,0.00,0.00
20260912,10023329017146,6,0,0.00,0.00,0.00,0.00,0.00,0.00,0.00,0.00
20260912,10020726348520,2,0,0.00,0.00,0.00,0.00,0.00,0.00,0.00,0.00
20260912,10025545123115,7,0,0.00,0.00,0.00,0.00,0.00,0.00,0.00,0.00
20260912,10027090410403,14,1,7.14,5.32,380.00,5.32,0.00,0.00,0.00,0.00
20260912,10026798016456,5,0,0.00,0.00,0.00,0.00,0.00,0.00,0.00,0.00
20260912,10023063886084,37,0,0.00,0.00,0.00,0.00,0.00,0.00,0.00,0.00
20260912,10020729353968,136,18,13.24,24.35,179.04,1.35,0.00,0.00,0.00,0.00
20260912,10029889512002,65,7,10.77,5.66,87.08,0.81,14.29,24.60,4.35,5.66
20260912,10023551358674,6,0,0.00,0.00,0.00,0.00,0.00,0.00,0.00,0.00
20260912,10024117909789,2,0,0.00,0.00,0.00,0.00,0.00,0.00,0.00,0.00
20260912,10020729237567,903,62,6.87,73.40,81.28,1.18,1.61,209.10,2.85,73.40
20260912,10023226502664,26,2,7.69,7.24,278.46,3.62,0.00,0.00,0.00,0.00
20260912,10028129612090,6,0,0.00,0.00,0.00,0.00,0.00,0.00,0.00,0.00
20260912,10024542948750,34,2,5.88,1.25,36.76,0.63,0.00,0.00,0.00,0.00
20260912,10020729313552,21,0,0.00,0.00,0.00,0.00,0.00,0.00,0.00,0.00
20260912,10024297447563,7,1,14.29,5.43,775.71,5.43,0.00,0.00,0.00,0.00
20260912,10024354948547,14,0,0.00,0.00,0.00,0.00,0.00,0.00,0.00,0.00
20260912,10035672715685,292,6,2.05,25.43,87.09,4.24,0.00,0.00,0.00,0.00
20260912,10030490013518,2,0,0.00,0.00,0.00,0.00,0.00,0.00,0.00,0.00
20260912,10025624289680,10,0,0.00,0.00,0.00,0.00,0.00,0.00,0.00,0.00
20260912,10023832445126,21,0,0.00,0.00,0.00,0.00,0.00,0.00,0.00,0.00
20260912,10027980566316,136,10,7.35,19.64,144.41,1.96,0.00,0.00,0.00,0.00
20260912,10021521669456,7,0,0.00,0.00,0.00,0.00,0.00,0.00,0.00,0.00
20260912,10025938955422,11,0,0.00,0.00,0.00,0.00,0.00,0.00,0.00,0.00
20260912,10020755311933,3,0,0.00,0.00,0.00,0.00,0.00,0.00,0.00,0.00
20260912,10020756017881,23,0,0.00,0.00,0.00,0.00,0.00,0.00,0.00,0.00
20260912,10024434790209,21,2,9.52,12.71,605.24,6.36,0.00,0.00,0.00,0.00
20260912,10020741022232,16,2,12.50,1.67,104.38,0.84,0.00,0.00,0.00,0.00
20260912,10028936125946,26,0,0.00,0.00,0.00,0.00,0.00,0.00,0.00,0.00
20260912,10020645934848,5709,188,3.29,333.90,58.49,1.78,6.91,582.60,1.74,25.68
20260912,10024177750157,4,0,0.00,0.00,0.00,0.00,0.00,0.00,0.00,0.00
20260912,10020732120696,5,0,0.00,0.00,0.00,0.00,0.00,0.00,0.00,0.00
20260912,10024424355313,3,0,0.00,0.00,0.00,0.00,0.00,0.00,0.00,0.00
20260912,10021163283996,15,0,0.00,0.00,0.00,0.00,0.00,0.00,0.00,0.00
20260912,10024999078656,5,0,0.00,0.00,0.00,0.00,0.00,0.00,0.00,0.00
20260912,10020647332922,4289,161,3.75,244.69,57.05,1.52,1.86,368.00,1.50,81.56
20260912,10023538975917,10,0,0.00,0.00,0.00,0.00,0.00,0.00,0.00,0.00
20260912,10023547711994,3,0,0.00,0.00,0.00,0.00,0.00,0.00,0.00,0.00
20260912,10025029713977,13,0,0.00,0.00,0.00,0.00,0.00,0.00,0.00,0.00
20260912,10026793124801,28,2,7.14,6.42,229.29,3.21,0.00,0.00,0.00,0.00
20260912,10020730849566,134,8,5.97,11.45,85.45,1.43,0.00,0.00,0.00,0.00
20260912,10030786155452,8,0,0.00,0.00,0.00,0.00,0.00,0.00,0.00,0.00
20260912,10021064686221,7,0,0.00,0.00,0.00,0.00,0.00,0.00,0.00,0.00
20260912,10020871043315,15,0,0.00,0.00,0.00,0.00,0.00,0.00,0.00,0.00
20260912,10023217364995,3,0,0.00,0.00,0.00,0.00,0.00,0.00,0.00,0.00
20260911,10020645934848,4624,136,2.94,259.62,56.15,1.91,6.62,474.60,1.83,28.85
20260911,10023217364995,4,0,0.00,0.00,0.00,0.00,0.00,0.00,0.00,0.00
20260911,10023976770419,1171,60,5.12,112.76,96.29,1.88,3.33,151.81,1.35,56.38
20260911,10023832445126,50,1,2.00,0.34,6.80,0.34,0.00,0.00,0.00,0.00
20260911,10020729237567,776,68,8.76,105.53,135.99,1.55,4.41,387.20,3.67,35.18
20260911,10023194078200,12,1,8.33,2.40,200.00,2.40,0.00,0.00,0.00,0.00
20260911,10020643083073,3194,120,3.76,222.66,69.71,1.86,5.00,635.10,2.85,37.11
20260911,10021521669456,20,0,0.00,0.00,0.00,0.00,0.00,0.00,0.00,0.00
20260911,10020755311933,17,1,5.88,0.77,45.29,0.77,0.00,0.00,0.00,0.00
20260911,10023076640352,386,18,4.66,19.37,50.18,1.08,0.00,0.00,0.00,0.00
20260911,10027997801859,22,1,4.55,0.13,5.91,0.13,0.00,0.00,0.00,0.00
20260911,10024654529738,1,0,0.00,0.00,0.00,0.00,0.00,0.00,0.00,0.00
20260911,10021060138667,272,13,4.78,6.05,22.24,0.47,7.69,159.00,26.28,6.05
20260911,10024316932232,3,0,0.00,0.00,0.00,0.00,0.00,0.00,0.00,0.00
20260911,10034334035903,37,2,5.41,0.21,5.68,0.11,0.00,0.00,0.00,0.00
20260911,10028967721938,44,1,2.27,2.10,47.73,2.10,0.00,0.00,0.00,0.00
20260911,10025624289680,33,1,3.03,0.23,6.97,0.23,0.00,0.00,0.00,0.00
20260911,10025545123115,1,0,0.00,0.00,0.00,0.00,0.00,0.00,0.00,0.00
20260911,10020730659764,108,1,0.93,1.44,13.33,1.44,0.00,0.00,0.00,0.00
20260911,10024354948547,42,0,0.00,0.00,0.00,0.00,0.00,0.00,0.00,0.00
20260911,10026798016456,12,1,8.33,0.40,33.33,0.40,0.00,0.00,0.00,0.00
20260911,10030576776716,2,0,0.00,0.00,0.00,0.00,0.00,0.00,0.00,0.00
20260911,10030562001116,3,0,0.00,0.00,0.00,0.00,0.00,0.00,0.00,0.00
20260911,10027090410403,50,2,4.00,0.49,9.80,0.25,0.00,0.00,0.00,0.00
20260911,10030125372947,33,1,3.03,3.04,92.12,3.04,0.00,0.00,0.00,0.00
20260911,10023226321640,3,0,0.00,0.00,0.00,0.00,0.00,0.00,0.00,0.00
20260911,10026158146501,7,1,14.29,1.92,274.29,1.92,0.00,0.00,0.00,0.00
20260911,10024297481164,12,0,0.00,0.00,0.00,0.00,0.00,0.00,0.00,0.00
20260911,10023551358674,30,0,0.00,0.00,0.00,0.00,0.00,0.00,0.00,0.00
20260911,10023075672071,45,0,0.00,0.00,0.00,0.00,0.00,0.00,0.00,0.00
20260911,10027980566316,176,8,4.55,4.15,23.58,0.52,25.00,88.00,21.20,2.08
20260911,10028194414070,5,0,0.00,0.00,0.00,0.00,0.00,0.00,0.00,0.00
20260911,10028936125946,61,2,3.28,3.19,52.30,1.60,0.00,0.00,0.00,0.00
20260911,10021445014732,6,0,0.00,0.00,0.00,0.00,0.00,0.00,0.00,0.00
20260911,10021435658326,6,0,0.00,0.00,0.00,0.00,0.00,0.00,0.00,0.00
20260911,10023211348099,1,0,0.00,0.00,0.00,0.00,0.00,0.00,0.00,0.00
20260911,10023545047243,12,0,0.00,0.00,0.00,0.00,0.00,0.00,0.00,0.00
20260911,10025938955422,42,3,7.14,4.89,116.43,1.63,0.00,0.00,0.00,0.00
20260911,10030490013518,1,0,0.00,0.00,0.00,0.00,0.00,0.00,0.00,0.00
20260911,10020741022232,88,7,7.95,5.37,61.02,0.77,0.00,0.00,0.00,0.00
20260911,10026124130028,26,1,3.85,0.34,13.08,0.34,0.00,0.00,0.00,0.00
20260911,10022081799600,56,2,3.57,1.81,32.32,0.91,0.00,0.00,0.00,0.00
20260911,10020730849566,137,5,3.65,16.13,117.74,3.23,0.00,0.00,0.00,0.00
20260911,10020647332922,3757,156,4.15,211.15,56.20,1.35,9.62,1748.50,8.28,14.08
20260911,10023329017146,14,0,0.00,0.00,0.00,0.00,0.00,0.00,0.00,0.00
20260911,10024999078656,16,1,6.25,0.34,21.25,0.34,0.00,0.00,0.00,0.00
20260911,10021523335686,4,0,0.00,0.00,0.00,0.00,0.00,0.00,0.00,0.00
20260911,10024279036098,2390,100,4.18,115.40,48.28,1.15,11.00,389.20,3.37,10.49
20260911,10021064686221,14,0,0.00,0.00,0.00,0.00,0.00,0.00,0.00,0.00
20260911,10020729169032,84,1,1.19,0.25,2.98,0.25,0.00,0.00,0.00,0.00
20260911,10023193840131,14,0,0.00,0.00,0.00,0.00,0.00,0.00,0.00,0.00
20260911,10023811607179,6,0,0.00,0.00,0.00,0.00,0.00,0.00,0.00,0.00
20260911,10020871043315,84,6,7.14,1.28,15.24,0.21,0.00,0.00,0.00,0.00
20260911,10024177750157,7,1,14.29,0.93,132.86,0.93,0.00,0.00,0.00,0.00
20260911,10020732120696,12,0,0.00,0.00,0.00,0.00,0.00,0.00,0.00,0.00
20260911,10020756017881,97,7,7.22,4.50,46.39,0.64,0.00,0.00,0.00,0.00
20260911,10023193612354,142,2,1.41,0.20,1.41,0.10,0.00,0.00,0.00,0.00
20260911,10028330722803,3,0,0.00,0.00,0.00,0.00,0.00,0.00,0.00,0.00
20260911,10020729313552,131,5,3.82,8.41,64.20,1.68,20.00,147.00,17.48,8.41
20260911,10023226165244,120,4,3.33,2.65,22.08,0.66,0.00,0.00,0.00,0.00
20260911,10024708821466,311,11,3.54,30.11,96.82,2.74,0.00,0.00,0.00,0.00
20260911,10028680677230,11,0,0.00,0.00,0.00,0.00,0.00,0.00,0.00,0.00
20260911,10023538975917,42,4,9.52,1.27,30.24,0.32,0.00,0.00,0.00,0.00
20260911,10024644489006,17,0,0.00,0.00,0.00,0.00,0.00,0.00,0.00,0.00
20260911,10023226502664,50,2,4.00,6.27,125.40,3.14,0.00,0.00,0.00,0.00
20260911,10024424355313,4,0,0.00,0.00,0.00,0.00,0.00,0.00,0.00,0.00
20260911,10025770299495,3208,50,1.56,223.21,69.58,4.46,6.00,394.20,1.77,74.40
20260911,10027864367816,2191,25,1.14,116.45,53.15,4.66,0.00,0.00,0.00,0.00
20260911,10024297447563,64,1,1.56,0.58,9.06,0.58,0.00,0.00,0.00,0.00
20260911,10025029713977,28,1,3.57,0.12,4.29,0.12,0.00,0.00,0.00,0.00
20260911,10021068731174,1,0,0.00,0.00,0.00,0.00,0.00,0.00,0.00,0.00
20260911,10024418312615,51,4,7.84,1.48,29.02,0.37,0.00,0.00,0.00,0.00
20260911,10023068330393,3658,97,2.65,219.80,60.09,2.27,0.00,0.00,0.00,0.00
20260911,10023063886084,115,5,4.35,8.71,75.74,1.74,0.00,0.00,0.00,0.00
20260911,10024542948750,129,7,5.43,2.25,17.44,0.32,14.29,156.00,69.33,2.25
20260911,10030786155452,56,3,5.36,3.10,55.36,1.03,0.00,0.00,0.00,0.00
20260911,10024290283188,382,29,7.59,28.47,74.53,0.98,13.79,337.45,11.85,7.12
20260911,10029889512002,262,20,7.63,11.26,42.98,0.56,15.00,144.20,12.81,3.75
20260911,10023404211120,1,0,0.00,0.00,0.00,0.00,0.00,0.00,0.00,0.00
20260911,10024906216952,81,1,1.23,0.13,1.60,0.13,0.00,0.00,0.00,0.00
20260911,10023178973743,9,0,0.00,0.00,0.00,0.00,0.00,0.00,0.00,0.00
20260911,10026793124801,66,5,7.58,5.90,89.39,1.18,0.00,0.00,0.00,0.00
20260911,10035672715685,595,13,2.18,35.56,59.76,2.74,0.00,0.00,0.00,0.00
20260911,10021435521884,22,2,9.09,2.11,95.91,1.06,0.00,0.00,0.00,0.00
20260911,0,35,10,28.57,28.36,810.29,2.84,0.00,0.00,0.00,0.00
20260911,10028126660187,10,0,0.00,0.00,0.00,0.00,0.00,0.00,0.00,0.00
20260911,10020726348520,1,0,0.00,0.00,0.00,0.00,0.00,0.00,0.00,0.00
20260911,10025624451053,4,1,25.00,1.58,395.00,1.58,0.00,0.00,0.00,0.00
20260911,10020990313264,40,1,2.50,0.56,14.00,0.56,0.00,0.00,0.00,0.00
20260911,10023129966083,4,1,25.00,0.60,150.00,0.60,0.00,0.00,0.00,0.00
20260911,10025177501039,3981,74,1.86,214.66,53.92,2.90,4.05,255.00,1.19,71.55
20260911,10028129612090,24,0,0.00,0.00,0.00,0.00,0.00,0.00,0.00,0.00
20260911,10023066880329,39,1,2.56,1.12,28.72,1.12,0.00,0.00,0.00,0.00
20260911,10021163283996,33,1,3.03,0.62,18.79,0.62,0.00,0.00,0.00,0.00
20260911,10020755063075,38,1,2.63,0.15,3.95,0.15,0.00,0.00,0.00,0.00
20260911,10024434790209,73,3,4.11,1.93,26.44,0.64,0.00,0.00,0.00,0.00
20260911,10023081145616,4,1,25.00,0.10,25.00,0.10,0.00,0.00,0.00,0.00
20260911,10024993630147,5,0,0.00,0.00,0.00,0.00,0.00,0.00,0.00,0.00
20260911,10024117909789,20,1,5.00,0.29,14.50,0.29,0.00,0.00,0.00,0.00
20260911,10020729353968,110,4,3.64,4.89,44.45,1.22,0.00,0.00,0.00,0.00
20260910,10024290283188,575,36,6.26,44.81,77.93,1.24,11.11,484.50,10.81,11.20
20260910,10023193612354,177,1,0.56,0.10,0.56,0.10,0.00,0.00,0.00,0.00
20260910,10020729169032,90,1,1.11,0.15,1.67,0.15,0.00,0.00,0.00,0.00
20260910,10025624289680,16,1,6.25,0.16,10.00,0.16,0.00,0.00,0.00,0.00
20260910,10030786155452,36,3,8.33,3.69,102.50,1.23,0.00,0.00,0.00,0.00
20260910,10023274684408,3,0,0.00,0.00,0.00,0.00,0.00,0.00,0.00,0.00
20260910,10021435658326,26,1,3.85,0.27,10.38,0.27,0.00,0.00,0.00,0.00
20260910,10025177501039,3598,99,2.75,223.30,62.06,2.26,5.05,490.00,2.19,44.66
20260910,10028330722803,1,0,0.00,0.00,0.00,0.00,0.00,0.00,0.00,0.00
20260910,10020643083073,3078,108,3.51,215.38,69.97,1.99,3.70,521.30,2.42,53.85
20260910,10020730849566,404,9,2.23,19.58,48.47,2.18,0.00,0.00,0.00,0.00
20260910,10020732120696,10,0,0.00,0.00,0.00,0.00,0.00,0.00,0.00,0.00
20260910,10025029713977,20,0,0.00,0.00,0.00,0.00,0.00,0.00,0.00,0.00
20260910,10021163283996,8,0,0.00,0.00,0.00,0.00,0.00,0.00,0.00,0.00
20260910,10023194078200,6,0,0.00,0.00,0.00,0.00,0.00,0.00,0.00,0.00
20260910,10025770299495,5240,46,0.88,167.84,32.03,3.65,4.35,442.30,2.64,83.92
20260910,10026124130028,6,0,0.00,0.00,0.00,0.00,0.00,0.00,0.00,0.00
20260910,10024542948750,75,7,9.33,6.04,80.53,0.86,14.29,45.90,7.60,6.04
20260910,10027997801859,25,0,0.00,0.00,0.00,0.00,0.00,0.00,0.00,0.00
20260910,10028967721938,20,0,0.00,0.00,0.00,0.00,0.00,0.00,0.00,0.00
20260910,10020729237567,888,59,6.64,99.89,112.49,1.69,8.47,702.70,7.03,19.98
20260910,10021285672106,1,0,0.00,0.00,0.00,0.00,0.00,0.00,0.00,0.00
20260910,10020990313264,9,0,0.00,0.00,0.00,0.00,0.00,0.00,0.00,0.00
20260910,10021064686221,17,0,0.00,0.00,0.00,0.00,0.00,0.00,0.00,0.00
20260910,10023226502664,16,1,6.25,2.26,141.25,2.26,0.00,0.00,0.00,0.00
20260910,10021521669456,14,2,14.29,0.57,40.71,0.29,0.00,0.00,0.00,0.00
20260910,10020741022232,39,3,7.69,1.72,44.10,0.57,0.00,0.00,0.00,0.00
20260910,10020647332922,5768,194,3.36,286.11,49.60,1.47,3.09,972.00,3.40,47.69
20260910,10023075672071,25,0,0.00,0.00,0.00,0.00,0.00,0.00,0.00,0.00
20260910,10024999078656,23,2,8.70,1.07,46.52,0.54,0.00,0.00,0.00,0.00
20260910,10026158146501,9,0,0.00,0.00,0.00,0.00,0.00,0.00,0.00,0.00
20260910,10020871043315,35,1,2.86,0.72,20.57,0.72,0.00,0.00,0.00,0.00
20260910,10027864367816,2412,24,1.00,110.71,45.90,4.61,4.17,131.10,1.18,110.71
20260910,10021445014732,3,0,0.00,0.00,0.00,0.00,0.00,0.00,0.00,0.00
20260910,10027090410403,24,0,0.00,0.00,0.00,0.00,0.00,0.00,0.00,0.00
20260910,10021523335686,2,0,0.00,0.00,0.00,0.00,0.00,0.00,0.00,0.00
20260910,10034334035903,14,0,0.00,0.00,0.00,0.00,0.00,0.00,0.00,0.00
20260910,10030576776716,1,0,0.00,0.00,0.00,0.00,0.00,0.00,0.00,0.00
20260910,10024434790209,16,0,0.00,0.00,0.00,0.00,0.00,0.00,0.00,0.00
20260910,10030125372947,25,2,8.00,1.96,78.40,0.98,0.00,0.00,0.00,0.00
20260910,10021060138667,166,6,3.61,8.89,53.55,1.48,33.33,165.90,18.66,4.45
20260910,10020645934848,5100,167,3.27,296.69,58.17,1.78,5.99,838.67,2.83,29.67
20260910,10023066880329,18,1,5.56,0.36,20.00,0.36,0.00,0.00,0.00,0.00
20260910,10020730659764,177,4,2.26,6.87,38.81,1.72,25.00,38.20,5.56,6.87
20260910,10023068330393,2289,64,2.80,321.44,140.43,5.02,6.25,1857.67,5.78,80.36
20260910,10035672715685,620,10,1.61,36.50,58.87,3.65,0.00,0.00,0.00,0.00
20260910,10023811607179,8,0,0.00,0.00,0.00,0.00,0.00,0.00,0.00,0.00
20260910,10021068731174,2,0,0.00,0.00,0.00,0.00,0.00,0.00,0.00,0.00
20260910,10024644489006,5,1,20.00,0.22,44.00,0.22,0.00,0.00,0.00,0.00
20260910,10020729353968,106,2,1.89,3.16,29.81,1.58,0.00,0.00,0.00,0.00
20260910,10024117909789,3,0,0.00,0.00,0.00,0.00,0.00,0.00,0.00,0.00
20260910,10024708821466,840,27,3.21,34.22,40.74,1.27,0.00,0.00,0.00,0.00
20260910,10024418312615,33,0,0.00,0.00,0.00,0.00,0.00,0.00,0.00,0.00
20260910,10023129966083,1,0,0.00,0.00,0.00,0.00,0.00,0.00,0.00,0.00
20260910,10025624451053,1,0,0.00,0.00,0.00,0.00,0.00,0.00,0.00,0.00
20260910,10023226165244,82,6,7.32,6.99,85.24,1.17,0.00,0.00,0.00,0.00
20260910,10023329017146,5,0,0.00,0.00,0.00,0.00,0.00,0.00,0.00,0.00
20260910,10023976770419,1091,38,3.48,93.59,85.78,2.46,10.53,329.60,3.52,23.40
20260910,10021435521884,10,1,10.00,1.38,138.00,1.38,0.00,0.00,0.00,0.00
20260910,10030562001116,1,0,0.00,0.00,0.00,0.00,0.00,0.00,0.00,0.00
20260910,10023178973743,2,0,0.00,0.00,0.00,0.00,0.00,0.00,0.00,0.00
20260910,10025938955422,23,2,8.70,0.20,8.70,0.10,0.00,0.00,0.00,0.00
20260910,10023404211120,3,0,0.00,0.00,0.00,0.00,0.00,0.00,0.00,0.00
20260910,10028194414070,1,0,0.00,0.00,0.00,0.00,0.00,0.00,0.00,0.00
20260910,10024297447563,4,0,0.00,0.00,0.00,0.00,0.00,0.00,0.00,0.00
20260910,10023538975917,26,0,0.00,0.00,0.00,0.00,0.00,0.00,0.00,0.00
20260910,10020755311933,14,1,7.14,0.10,7.14,0.10,0.00,0.00,0.00,0.00
20260910,10023832445126,43,0,0.00,0.00,0.00,0.00,0.00,0.00,0.00,0.00
20260910,10024906216952,81,1,1.23,0.69,8.52,0.69,0.00,0.00,0.00,0.00
20260910,10025545123115,3,0,0.00,0.00,0.00,0.00,0.00,0.00,0.00,0.00
20260910,10024424355313,3,0,0.00,0.00,0.00,0.00,0.00,0.00,0.00,0.00
20260910,10027980566316,98,5,5.10,6.51,66.43,1.30,0.00,0.00,0.00,0.00
20260910,10028680677230,5,0,0.00,0.00,0.00,0.00,0.00,0.00,0.00,0.00
20260910,10023226321640,1,0,0.00,0.00,0.00,0.00,0.00,0.00,0.00,0.00
20260910,10023193840131,4,0,0.00,0.00,0.00,0.00,0.00,0.00,0.00,0.00
20260910,10028129612090,16,1,6.25,1.43,89.38,1.43,0.00,0.00,0.00,0.00
20260910,10024354948547,26,1,3.85,0.10,3.85,0.10,0.00,0.00,0.00,0.00
20260910,0,33,7,21.21,27.81,842.73,3.97,14.29,318.00,11.43,27.81
20260910,10026793124801,28,0,0.00,0.00,0.00,0.00,0.00,0.00,0.00,0.00
20260910,10023545047243,3,0,0.00,0.00,0.00,0.00,0.00,0.00,0.00,0.00
20260910,10029854449290,2,0,0.00,0.00,0.00,0.00,0.00,0.00,0.00,0.00
20260910,10024177750157,1,0,0.00,0.00,0.00,0.00,0.00,0.00,0.00,0.00
20260910,10028126660187,13,2,15.38,3.93,302.31,1.97,0.00,0.00,0.00,0.00
20260910,10029889512002,206,19,9.22,7.11,34.51,0.37,15.79,126.60,17.81,2.37
20260910,10029722968460,1,0,0.00,0.00,0.00,0.00,0.00,0.00,0.00,0.00
20260910,10020726348520,2,0,0.00,0.00,0.00,0.00,0.00,0.00,0.00,0.00
20260910,10024316932232,9,0,0.00,0.00,0.00,0.00,0.00,0.00,0.00,0.00
20260910,10023217364995,4,0,0.00,0.00,0.00,0.00,0.00,0.00,0.00,0.00
20260910,10024993630147,3,0,0.00,0.00,0.00,0.00,0.00,0.00,0.00,0.00
20260910,10022081799600,22,1,4.55,0.10,4.55,0.10,0.00,0.00,0.00,0.00
20260910,10020755063075,33,1,3.03,0.10,3.03,0.10,0.00,0.00,0.00,0.00
20260910,10023081145616,1,0,0.00,0.00,0.00,0.00,0.00,0.00,0.00,0.00
20260910,10023076640352,255,8,3.14,3.81,14.94,0.48,0.00,0.00,0.00,0.00
20260910,10020756017881,53,2,3.77,0.26,4.91,0.13,0.00,0.00,0.00,0.00
20260910,10020729313552,55,2,3.64,6.98,126.91,3.49,0.00,0.00,0.00,0.00
20260910,10023551358674,5,1,20.00,0.45,90.00,0.45,0.00,0.00,0.00,0.00
20260910,10028936125946,38,2,5.26,1.27,33.42,0.64,0.00,0.00,0.00,0.00
20260910,10024279036098,2419,87,3.60,105.18,43.48,1.21,8.05,282.12,2.68,15.03
20260910,10026798016456,13,0,0.00,0.00,0.00,0.00,0.00,0.00,0.00,0.00
20260910,10023063886084,76,1,1.32,0.26,3.42,0.26,0.00,0.00,0.00,0.00
20260909,10030576776716,5,0,0.00,0.00,0.00,0.00,0.00,0.00,0.00,0.00
20260909,10021435658326,3,0,0.00,0.00,0.00,0.00,0.00,0.00,0.00,0.00
20260909,10029889512002,57,0,0.00,0.00,0.00,0.00,0.00,0.00,0.00,0.00
20260909,10030562001116,1,0,0.00,0.00,0.00,0.00,0.00,0.00,0.00,0.00
20260909,10020647332922,5087,138,2.71,196.59,38.65,1.42,9.42,2133.15,10.85,15.12
20260909,10022081799600,18,1,5.56,5.03,279.44,5.03,0.00,0.00,0.00,0.00
20260909,10020729353968,81,4,4.94,17.33,213.95,4.33,0.00,0.00,0.00,0.00
20260909,10034334035903,19,1,5.26,0.12,6.32,0.12,0.00,0.00,0.00,0.00
20260909,10023551358674,1,0,0.00,0.00,0.00,0.00,0.00,0.00,0.00,0.00
20260909,10024297447563,18,2,11.11,5.81,322.78,2.91,50.00,36.95,6.36,5.81
20260909,10023832445126,20,0,0.00,0.00,0.00,0.00,0.00,0.00,0.00,0.00
20260909,10020741022232,32,1,3.13,0.35,10.94,0.35,0.00,0.00,0.00,0.00
20260909,10020871043315,23,1,4.35,0.33,14.35,0.33,0.00,0.00,0.00,0.00
20260909,10023193840131,7,0,0.00,0.00,0.00,0.00,0.00,0.00,0.00,0.00
20260909,10020732120696,3,0,0.00,0.00,0.00,0.00,0.00,0.00,0.00,0.00
20260909,10023194078200,3,0,0.00,0.00,0.00,0.00,0.00,0.00,0.00,0.00
20260909,10028129612090,16,2,12.50,1.52,95.00,0.76,0.00,0.00,0.00,0.00
20260909,10024418312615,15,0,0.00,0.00,0.00,0.00,0.00,0.00,0.00,0.00
20260909,10023081145616,1,0,0.00,0.00,0.00,0.00,0.00,0.00,0.00,0.00
20260909,10027980566316,72,1,1.39,0.32,4.44,0.32,0.00,0.00,0.00,0.00
20260909,10020755063075,12,0,0.00,0.00,0.00,0.00,0.00,0.00,0.00,0.00
20260909,10025177501039,4742,89,1.88,202.15,42.63,2.27,7.87,1278.50,6.32,28.88
20260909,10024424355313,5,0,0.00,0.00,0.00,0.00,0.00,0.00,0.00,0.00
20260909,10020729313552,39,0,0.00,0.00,0.00,0.00,0.00,0.00,0.00,0.00
20260909,10025545123115,6,0,0.00,0.00,0.00,0.00,0.00,0.00,0.00,0.00
20260909,10028936125946,37,4,10.81,2.25,60.81,0.56,0.00,0.00,0.00,0.00
20260909,10021163283996,9,0,0.00,0.00,0.00,0.00,0.00,0.00,0.00,0.00
20260909,10023404211120,3,0,0.00,0.00,0.00,0.00,0.00,0.00,0.00,0.00
20260909,0,29,8,27.59,22.49,775.52,2.81,62.50,268.51,11.94,4.50
20260909,10023545047243,5,0,0.00,0.00,0.00,0.00,0.00,0.00,0.00,0.00
20260909,10023178973743,3,0,0.00,0.00,0.00,0.00,0.00,0.00,0.00,0.00
20260909,10025624451053,2,0,0.00,0.00,0.00,0.00,0.00,0.00,0.00,0.00
20260909,10023063886084,17,1,5.88,2.42,142.35,2.42,100.00,468.00,193.39,2.42
20260909,10024434790209,17,2,11.76,4.01,235.88,2.01,0.00,0.00,0.00,0.00
20260909,10020756017881,22,0,0.00,0.00,0.00,0.00,0.00,0.00,0.00,0.00
20260909,10021435521884,7,0,0.00,0.00,0.00,0.00,0.00,0.00,0.00,0.00
20260909,10024177750157,10,0,0.00,0.00,0.00,0.00,0.00,0.00,0.00,0.00
20260909,10020730659764,128,6,4.69,13.25,103.52,2.21,0.00,0.00,0.00,0.00
20260909,10025938955422,23,0,0.00,0.00,0.00,0.00,0.00,0.00,0.00,0.00
20260909,10020729169032,20,1,5.00,0.14,7.00,0.14,0.00,0.00,0.00,0.00
20260909,10023075672071,23,1,4.35,0.55,23.91,0.55,0.00,0.00,0.00,0.00
20260909,10020990313264,3,0,0.00,0.00,0.00,0.00,0.00,0.00,0.00,0.00
20260909,10020643083073,2061,75,3.64,198.01,96.07,2.64,4.00,109.70,0.55,66.00
20260909,10024279036098,1041,48,4.61,60.15,57.78,1.25,18.75,373.10,6.20,6.68
20260909,10023226165244,28,3,10.71,9.03,322.50,3.01,0.00,0.00,0.00,0.00
20260909,10024708821466,292,13,4.45,35.07,120.10,2.70,0.00,0.00,0.00,0.00
20260909,10024354948547,13,1,7.69,0.15,11.54,0.15,0.00,0.00,0.00,0.00
20260909,10030786155452,26,0,0.00,0.00,0.00,0.00,0.00,0.00,0.00,0.00
20260909,10025624289680,33,1,3.03,4.49,136.06,4.49,0.00,0.00,0.00,0.00
20260909,10030293373229,1,0,0.00,0.00,0.00,0.00,0.00,0.00,0.00,0.00
20260909,10024290283188,298,12,4.03,21.74,72.95,1.81,8.33,77.40,3.56,21.74
20260909,10028967721938,1,0,0.00,0.00,0.00,0.00,0.00,0.00,0.00,0.00
20260909,10028126660187,10,1,10.00,0.81,81.00,0.81,0.00,0.00,0.00,0.00
20260909,10024542948750,62,4,6.45,5.14,82.90,1.29,0.00,0.00,0.00,0.00
20260909,10028194414070,19,1,5.26,2.80,147.37,2.80,0.00,0.00,0.00,0.00
20260909,10020726348520,3,0,0.00,0.00,0.00,0.00,0.00,0.00,0.00,0.00
20260909,10026124130028,1,0,0.00,0.00,0.00,0.00,0.00,0.00,0.00,0.00
20260909,10023217364995,6,0,0.00,0.00,0.00,0.00,0.00,0.00,0.00,0.00
20260909,10028330722803,5,0,0.00,0.00,0.00,0.00,0.00,0.00,0.00,0.00
20260909,10027090410403,25,0,0.00,0.00,0.00,0.00,0.00,0.00,0.00,0.00
20260909,10021064686221,8,0,0.00,0.00,0.00,0.00,0.00,0.00,0.00,0.00
20260909,10020730849566,138,2,1.45,5.89,42.68,2.95,0.00,0.00,0.00,0.00
20260909,10024906216952,36,1,2.78,0.15,4.17,0.15,0.00,0.00,0.00,0.00
20260909,10020729237567,1607,75,4.67,99.91,62.17,1.33,4.00,167.30,1.67,33.30
20260909,10021445014732,3,0,0.00,0.00,0.00,0.00,0.00,0.00,0.00,0.00
20260909,10027997801859,13,0,0.00,0.00,0.00,0.00,0.00,0.00,0.00,0.00
20260909,10026798016456,2,0,0.00,0.00,0.00,0.00,0.00,0.00,0.00,0.00
20260909,10023193612354,11,0,0.00,0.00,0.00,0.00,0.00,0.00,0.00,0.00
20260909,10020645934848,3499,149,4.26,293.82,83.97,1.97,10.74,879.50,2.99,18.36
20260909,10025770299495,3891,58,1.49,175.64,45.14,3.03,3.45,177.00,1.01,87.82
20260909,10030125372947,19,0,0.00,0.00,0.00,0.00,0.00,0.00,0.00,0.00
20260909,10024999078656,1,0,0.00,0.00,0.00,0.00,0.00,0.00,0.00,0.00
20260909,10024993630147,17,0,0.00,0.00,0.00,0.00,0.00,0.00,0.00,0.00
20260909,10026793124801,22,1,4.55,2.73,124.09,2.73,0.00,0.00,0.00,0.00
20260909,10021060138667,87,9,10.34,17.62,202.53,1.96,0.00,0.00,0.00,0.00
20260909,10023811607179,3,0,0.00,0.00,0.00,0.00,0.00,0.00,0.00,0.00
20260909,10023066880329,4,0,0.00,0.00,0.00,0.00,0.00,0.00,0.00,0.00
20260909,10023226502664,10,0,0.00,0.00,0.00,0.00,0.00,0.00,0.00,0.00
20260909,10028680677230,5,1,20.00,2.11,422.00,2.11,0.00,0.00,0.00,0.00
20260909,10025029713977,7,0,0.00,0.00,0.00,0.00,0.00,0.00,0.00,0.00
20260909,10035672715685,1127,24,2.13,108.77,96.51,4.53,0.00,0.00,0.00,0.00
20260909,10023226321640,1,0,0.00,0.00,0.00,0.00,0.00,0.00,0.00,0.00
20260909,10020755311933,4,0,0.00,0.00,0.00,0.00,0.00,0.00,0.00,0.00
20260909,10023538975917,11,1,9.09,0.29,26.36,0.29,0.00,0.00,0.00,0.00
20260909,10023076640352,55,1,1.82,2.00,36.36,2.00,0.00,0.00,0.00,0.00
20260909,10027864367816,3439,32,0.93,99.04,28.80,3.10,3.13,408.00,4.12,99.04
20260909,10024644489006,7,0,0.00,0.00,0.00,0.00,0.00,0.00,0.00,0.00
20260909,10023068330393,999,47,4.70,111.50,111.61,2.37,0.00,0.00,0.00,0.00
20260909,10023976770419,882,53,6.01,117.67,133.41,2.22,13.21,414.82,3.53,16.81
20260908,10020643083073,1032,40,3.88,55.98,54.24,1.40,0.00,0.00,0.00,0.00
20260908,0,30,7,23.33,21.55,718.33,3.08,14.29,122.00,5.66,21.55
20260908,10023068330393,1524,50,3.28,205.18,134.63,4.10,2.00,574.00,2.80,205.18
20260908,10035672715685,1696,38,2.24,243.20,143.40,6.40,5.26,2070.00,8.51,121.60
20260908,10024279036098,1026,62,6.04,52.52,51.19,0.85,8.06,305.65,5.82,10.50
20260908,10020647332922,5158,188,3.64,296.71,57.52,1.58,2.66,1078.00,3.63,59.34
20260908,10023976770419,842,43,5.11,106.15,126.07,2.47,0.00,0.00,0.00,0.00
20260908,10027864367816,3207,25,0.78,105.64,32.94,4.23,4.00,337.00,3.19,105.64
20260908,10025177501039,4315,78,1.81,173.14,40.13,2.22,3.85,595.00,3.44,57.71
20260908,10020645934848,3376,131,3.88,279.84,82.89,2.14,9.92,831.20,2.97,21.53
20260908,10025770299495,3895,51,1.31,136.48,35.04,2.68,7.84,458.38,3.36,34.12
20260908,10020729237567,943,40,4.24,56.34,59.75,1.41,10.00,531.20,9.43,14.09
20260907,10024279036098,4055,119,2.93,195.49,48.21,1.64,8.40,390.15,2.00,19.55
20260907,10020729237567,1250,56,4.48,80.31,64.25,1.43,1.79,187.20,2.33,80.31
20260907,10023976770419,995,51,5.13,84.00,84.42,1.65,17.65,941.86,11.21,9.33
20260907,0,421,20,4.75,36.52,86.75,1.83,0.00,0.00,0.00,0.00
20260907,10035672715685,1292,29,2.24,138.04,106.84,4.76,0.00,0.00,0.00,0.00
20260907,10020643083073,787,28,3.56,72.44,92.05,2.59,7.14,262.20,3.62,36.22
20260907,10027864367816,2398,31,1.29,110.16,45.94,3.55,0.00,0.00,0.00,0.00
20260907,10020647332922,5174,179,3.46,332.50,64.26,1.86,3.35,744.15,2.24,55.42
20260907,10025177501039,3232,67,2.07,126.21,39.05,1.88,2.99,196.00,1.55,63.11
20260907,10025770299495,4852,50,1.03,133.31,27.48,2.67,8.00,684.40,5.13,33.33
20260907,10020645934848,4405,187,4.25,332.55,75.49,1.78,10.70,1009.20,3.03,16.63
20260907,10023068330393,3434,113,3.29,301.58,87.82,2.67,1.77,676.00,2.24,150.79
20260906,10020729237567,2390,63,2.64,94.39,39.49,1.50,6.35,407.80,4.32,23.60
20260906,10027864367816,1584,29,1.83,104.51,65.98,3.60,10.34,901.00,8.62,34.84
20260906,10020645934848,4715,172,3.65,291.98,61.93,1.70,6.98,583.35,2.00,24.33
20260906,10020647332922,5259,164,3.12,182.33,34.67,1.11,7.93,1260.85,6.92,14.03
20260906,10024279036098,2713,87,3.21,134.95,49.74,1.55,8.05,235.10,1.74,19.28
20260906,10023068330393,4866,83,1.71,191.40,39.33,2.31,0.00,0.00,0.00,0.00
20260906,10023976770419,1425,53,3.72,101.92,71.52,1.92,7.55,373.34,3.66,25.48
20260906,10025177501039,2311,82,3.55,106.90,46.26,1.30,2.44,376.00,3.52,53.45
20260906,10035672715685,2325,42,1.81,251.10,108.00,5.98,0.00,0.00,0.00,0.00
20260906,10020643083073,1044,39,3.74,90.52,86.70,2.32,0.00,0.00,0.00,0.00
20260906,10025770299495,3108,38,1.22,136.36,43.87,3.59,10.53,142.81,1.05,34.09
20260906,0,318,13,4.09,17.09,53.74,1.31,0.00,0.00,0.00,0.00
20260905,10025770299495,2569,43,1.67,93.99,36.59,2.19,2.33,79.00,0.84,93.99
20260905,0,27,7,25.93,22.83,845.56,3.26,0.00,0.00,0.00,0.00
20260905,10025177501039,1840,54,2.93,109.76,59.65,2.03,7.41,502.20,4.58,27.44
20260905,10023068330393,1430,38,2.66,110.00,76.92,2.89,2.63,528.00,4.80,110.00
20260905,10024279036098,4600,138,3.00,267.00,58.04,1.93,11.59,514.45,1.93,16.69
20260905,10020643083073,893,44,4.93,90.45,101.29,2.06,9.09,564.20,6.24,22.61
20260905,10023976770419,828,47,5.68,104.96,126.76,2.23,6.38,257.00,2.45,34.99
20260905,10020647332922,3727,185,4.96,179.69,48.21,0.97,4.86,1387.75,7.72,19.97
20260905,10035672715685,2859,63,2.20,314.48,110.00,4.99,0.00,0.00,0.00,0.00
20260905,10020645934848,2905,129,4.44,242.88,83.61,1.88,6.20,350.05,1.44,30.36
20260905,10027864367816,1320,26,1.97,105.60,80.00,4.06,0.00,0.00,0.00,0.00
20260905,10020729237567,1205,72,5.98,87.69,72.77,1.22,5.56,516.90,5.89,21.92
20260905,10024434790209,328,10,3.05,54.64,166.59,5.46,0.00,0.00,0.00,0.00
20260904,10020645934848,3678,162,4.40,420.95,114.45,2.60,10.49,772.60,1.84,24.76
20260904,10025770299495,4080,56,1.37,115.44,28.29,2.06,1.79,205.20,1.78,115.44
20260904,0,2901,69,2.38,59.36,20.46,0.86,2.90,766.00,12.90,29.68
20260904,10023976770419,998,59,5.91,106.61,106.82,1.81,13.56,464.75,4.36,13.33
20260904,10020729237567,1291,46,3.56,93.87,72.71,2.04,4.35,220.50,2.35,46.94
20260904,10020643083073,1115,39,3.50,90.37,81.05,2.32,10.26,110.00,1.22,22.59
20260904,10035672715685,3359,43,1.28,282.32,84.05,6.57,2.33,468.00,1.66,282.32
20260904,10020647332922,4000,161,4.03,183.31,45.83,1.14,4.35,838.50,4.57,26.19
20260904,10025177501039,2138,57,2.67,147.30,68.90,2.58,0.00,0.00,0.00,0.00
20260904,10024279036098,2967,81,2.73,123.96,41.78,1.53,11.11,337.35,2.72,13.77
20260904,10027864367816,1573,20,1.27,108.27,68.83,5.41,10.00,202.00,1.87,54.14
20260904,10024434790209,245,9,3.67,31.22,127.43,3.47,0.00,0.00,0.00,0.00
20260904,10023068330393,912,22,2.41,108.06,118.49,4.91,4.55,467.00,4.32,108.06
20260903,10025177501039,3282,71,2.16,197.11,60.06,2.78,2.82,746.00,3.78,98.56
20260903,10024279036098,3361,68,2.02,98.57,29.33,1.45,14.71,431.30,4.38,9.86
20260903,10020729237567,1140,47,4.12,92.07,80.76,1.96,0.00,0.00,0.00,0.00
20260903,10020647332922,2848,127,4.46,173.40,60.88,1.37,11.81,2042.67,11.78,11.56
20260903,10025770299495,3310,33,1.00,103.23,31.19,3.13,9.09,669.40,6.48,34.41
20260903,10027864367816,1063,28,2.63,90.11,84.77,3.22,7.14,96.60,1.07,45.06
20260903,10035672715685,1730,27,1.56,182.43,105.45,6.76,0.00,0.00,0.00,0.00
20260903,10020643083073,839,30,3.58,90.89,108.33,3.03,3.33,226.10,2.49,90.89
20260903,10020645934848,2760,135,4.89,244.85,88.71,1.81,14.07,846.95,3.46,12.89
20260903,0,36,12,33.33,26.60,738.89,2.22,16.67,179.00,6.73,13.30
20260903,10023976770419,1579,63,3.99,93.08,58.95,1.48,6.35,116.90,1.26,23.27
20260903,10023068330393,1615,44,2.72,107.06,66.29,2.43,2.27,328.00,3.06,107.06
20260902,10027864367816,1299,21,1.62,88.58,68.19,4.22,0.00,0.00,0.00,0.00
20260902,10024279036098,1458,62,4.25,89.10,61.11,1.44,14.52,524.85,5.89,9.90
20260902,10023068330393,1170,41,3.50,110.00,94.02,2.68,7.32,1049.00,9.54,36.67
20260902,10035672715685,1428,25,1.75,137.23,96.10,5.49,12.00,864.60,6.30,45.74
20260902,10025770299495,4292,46,1.07,112.20,26.14,2.44,4.35,509.40,4.54,56.10
20260902,0,22,6,27.27,19.22,873.64,3.20,0.00,0.00,0.00,0.00
20260902,10020645934848,2003,81,4.04,185.23,92.48,2.29,16.05,1148.20,6.20,14.25
20260902,10020643083073,733,28,3.82,90.66,123.68,3.24,7.14,271.70,3.00,45.33
20260902,10020729237567,1843,49,2.66,93.00,50.46,1.90,4.08,61.40,0.66,46.50
20260902,10025177501039,3203,94,2.93,209.72,65.48,2.23,5.32,490.00,2.34,41.94
20260902,10020647332922,3356,149,4.44,164.41,48.99,1.10,6.71,5722.00,34.80,16.44
20260902,10023976770419,1227,41,3.34,109.94,89.60,2.68,12.20,345.50,3.14,21.99
20260901,10024279036098,1808,70,3.87,94.68,52.37,1.35,18.57,725.15,7.66,7.28
20260901,10020647332922,3093,160,5.17,185.88,60.10,1.16,3.75,850.00,4.57,30.98
20260901,10020729237567,1910,64,3.35,92.95,48.66,1.45,3.13,295.20,3.18,46.48
20260901,10020643083073,640,30,4.69,90.62,141.59,3.02,10.00,393.30,4.34,30.21
20260901,10025177501039,3342,83,2.48,183.20,54.82,2.21,6.02,800.00,4.37,36.64
20260901,10027864367816,1497,19,1.27,91.27,60.97,4.80,0.00,0.00,0.00,0.00
20260901,10023976770419,1737,64,3.68,98.10,56.48,1.53,9.38,423.70,4.32,16.35
20260901,10035672715685,417,5,1.20,51.24,122.88,10.25,20.00,455.00,8.88,51.24
20260901,0,34,10,29.41,24.44,718.82,2.44,0.00,0.00,0.00,0.00
20260901,10025770299495,3137,42,1.34,104.61,33.35,2.49,19.05,1052.10,10.06,13.08
20260901,10020645934848,2748,111,4.04,197.84,71.99,1.78,15.32,1161.95,5.87,11.64
20260831,10023976770419,1477,69,4.67,108.73,73.62,1.58,7.25,341.50,3.14,21.75
20260831,10027864367816,1619,22,1.36,80.21,49.54,3.65,0.00,0.00,0.00,0.00
20260831,10020729237567,1498,70,4.67,76.93,51.36,1.10,7.14,769.20,10.00,15.39
20260831,10025770299495,3002,46,1.53,110.35,36.76,2.40,10.87,379.47,3.44,22.07
20260831,10024279036098,2183,80,3.66,85.07,38.97,1.06,16.25,411.45,4.84,6.54
20260831,10020647332922,3708,200,5.39,183.64,49.53,0.92,7.50,2004.00,10.91,12.24
20260831,10023068330393,2537,104,4.10,185.94,73.29,1.79,0.96,443.00,2.38,185.94
20260831,10020643083073,808,41,5.07,90.56,112.08,2.21,4.88,366.10,4.04,45.28
20260831,0,32,6,18.75,22.35,698.44,3.73,0.00,0.00,0.00,0.00
20260831,10035672715685,1688,27,1.60,130.02,77.03,4.82,3.70,538.00,4.14,130.02
20260831,10025177501039,5067,98,1.93,202.66,40.00,2.07,3.06,294.00,1.45,67.55
20260831,10020645934848,2860,150,5.24,199.69,69.82,1.33,9.33,734.20,3.68,14.26
20260830,10020647332922,3954,193,4.88,180.42,45.63,0.93,4.15,887.00,4.92,22.55
20260830,10025770299495,3947,52,1.32,109.49,27.74,2.11,7.69,418.50,3.82,27.37
20260830,10024279036098,2122,64,3.02,79.26,37.35,1.24,9.38,245.75,3.10,13.21
20260830,10023068330393,2147,117,5.45,153.76,71.62,1.31,0.85,478.00,3.11,153.76
20260830,10025177501039,2848,91,3.20,145.74,51.17,1.60,2.20,157.00,1.08,72.87
20260830,10027864367816,1397,18,1.29,89.60,64.14,4.98,16.67,406.00,4.53,29.87
20260830,10020643083073,743,42,5.65,90.83,122.25,2.16,9.52,448.40,4.94,22.71
20260830,10020645934848,3040,124,4.08,199.04,65.47,1.61,11.29,514.80,2.59,14.22
20260830,10035672715685,1486,36,2.42,136.08,91.57,3.78,0.00,0.00,0.00,0.00
20260830,10020729237567,2204,47,2.13,90.95,41.27,1.94,14.89,835.70,9.19,12.99
20260830,10023976770419,922,44,4.77,108.19,117.34,2.46,13.64,467.41,4.32,18.03
20260830,0,39,8,20.51,27.29,699.74,3.41,25.00,265.00,9.71,13.65
20260829,10024279036098,1747,72,4.12,91.78,52.54,1.27,12.50,331.35,3.61,10.20
20260829,10023068330393,2092,102,4.88,127.39,60.89,1.25,0.98,467.00,3.67,127.39
20260829,10027864367816,1150,21,1.83,90.81,78.97,4.32,9.52,771.00,8.49,45.41
20260829,10023976770419,911,44,4.83,107.85,118.39,2.45,22.73,801.50,7.43,10.79
20260829,10025770299495,3467,47,1.36,110.04,31.74,2.34,12.77,1035.90,9.41,18.34
20260829,10035672715685,1561,36,2.31,121.65,77.93,3.38,2.78,126.00,1.04,121.65
20260829,10020645934848,4404,127,2.88,199.65,45.33,1.57,14.96,777.58,3.89,10.51
20260829,10020729237567,2336,52,2.23,90.90,38.91,1.75,9.62,921.10,10.13,18.18
20260829,10020643083073,433,29,6.70,90.77,209.63,3.13,10.34,272.20,3.00,30.26
20260829,10020647332922,4704,213,4.53,174.70,37.14,0.82,6.57,1869.60,10.70,12.48
20260829,10025177501039,3927,82,2.09,204.77,52.14,2.50,4.88,693.00,3.38,51.19
20260829,0,34,14,41.18,27.46,807.65,1.96,21.43,311.60,11.35,9.15
20260828,10020871043315,3,1,33.33,0.74,246.67,0.74,0.00,0.00,0.00,0.00
20260828,10020645934848,3096,131,4.23,200.57,64.78,1.53,10.69,622.85,3.11,14.33
20260828,10024434790209,1,0,0.00,0.00,0.00,0.00,0.00,0.00,0.00,0.00
20260828,10023976770419,1519,84,5.53,67.96,44.74,0.81,4.76,398.10,5.86,16.99
20260828,10030732402877,1,0,0.00,0.00,0.00,0.00,0.00,0.00,0.00,0.00
20260828,10028936125946,69,3,4.35,8.33,120.72,2.78,0.00,0.00,0.00,0.00
20260828,10020647332922,6026,186,3.09,257.31,42.70,1.38,4.84,1212.95,4.71,28.59
20260828,10021068731174,10,0,0.00,0.00,0.00,0.00,0.00,0.00,0.00,0.00
20260828,10020643083073,433,22,5.08,96.01,221.73,4.36,9.09,464.60,4.84,48.01
20260828,10025029713977,42,0,0.00,0.00,0.00,0.00,0.00,0.00,0.00,0.00
20260828,10030786155452,20,0,0.00,0.00,0.00,0.00,0.00,0.00,0.00,0.00
20260828,10020755063075,13,1,7.69,1.50,115.38,1.50,0.00,0.00,0.00,0.00
20260828,10021521669456,2,0,0.00,0.00,0.00,0.00,0.00,0.00,0.00,0.00
20260828,10030293373229,1,0,0.00,0.00,0.00,0.00,0.00,0.00,0.00,0.00
20260828,10024177750157,5,0,0.00,0.00,0.00,0.00,0.00,0.00,0.00,0.00
20260828,10023063886084,4,0,0.00,0.00,0.00,0.00,0.00,0.00,0.00,0.00
20260828,10024354948547,3,0,0.00,0.00,0.00,0.00,0.00,0.00,0.00,0.00
20260828,10028330722803,88,0,0.00,0.00,0.00,0.00,0.00,0.00,0.00,0.00
20260828,10024297447563,15,0,0.00,0.00,0.00,0.00,0.00,0.00,0.00,0.00
20260828,10023226165244,2,0,0.00,0.00,0.00,0.00,0.00,0.00,0.00,0.00
20260828,10024279036098,1747,69,3.95,109.55,62.71,1.59,8.70,267.10,2.44,18.26
20260828,10024644489006,4,0,0.00,0.00,0.00,0.00,0.00,0.00,0.00,0.00
20260828,10024542948750,1,0,0.00,0.00,0.00,0.00,0.00,0.00,0.00,0.00
20260828,10021435658326,2,0,0.00,0.00,0.00,0.00,0.00,0.00,0.00,0.00
20260828,10023832445126,98,5,5.10,9.21,93.98,1.84,0.00,0.00,0.00,0.00
20260828,10020729169032,13,0,0.00,0.00,0.00,0.00,0.00,0.00,0.00,0.00
20260828,10023178973743,2,0,0.00,0.00,0.00,0.00,0.00,0.00,0.00,0.00
20260828,10027090410403,5,0,0.00,0.00,0.00,0.00,0.00,0.00,0.00,0.00
20260828,10021060138667,125,8,6.40,11.05,88.40,1.38,0.00,0.00,0.00,0.00
20260828,10026158146501,2,0,0.00,0.00,0.00,0.00,0.00,0.00,0.00,0.00
20260828,10030125372947,24,0,0.00,0.00,0.00,0.00,0.00,0.00,0.00,0.00
20260828,0,32,8,25.00,19.86,620.63,2.48,0.00,0.00,0.00,0.00
20260828,10023081145616,1,0,0.00,0.00,0.00,0.00,0.00,0.00,0.00,0.00
20260828,10023551358674,1,0,0.00,0.00,0.00,0.00,0.00,0.00,0.00,0.00
20260828,10023193612354,6,0,0.00,0.00,0.00,0.00,0.00,0.00,0.00,0.00
20260828,10020730659764,1,1,100.00,0.76,760.00,0.76,0.00,0.00,0.00,0.00
20260828,10020990313264,11,2,18.18,5.04,458.18,2.52,0.00,0.00,0.00,0.00
20260828,10023066880329,9,2,22.22,1.01,112.22,0.51,0.00,0.00,0.00,0.00
20260828,10034334035903,1,0,0.00,0.00,0.00,0.00,0.00,0.00,0.00,0.00
20260828,10027997801859,10,0,0.00,0.00,0.00,0.00,0.00,0.00,0.00,0.00
20260828,10020729237567,1146,38,3.32,91.03,79.43,2.40,5.26,266.40,2.93,45.52
20260828,10022081799600,24,0,0.00,0.00,0.00,0.00,0.00,0.00,0.00,0.00
20260828,10024275156623,1,0,0.00,0.00,0.00,0.00,0.00,0.00,0.00,0.00
20260828,10021064686221,59,3,5.08,2.97,50.34,0.99,0.00,0.00,0.00,0.00
20260828,10027864367816,1301,18,1.38,93.84,72.13,5.21,5.56,188.00,2.00,93.84
20260828,10024906216952,70,3,4.29,5.55,79.29,1.85,0.00,0.00,0.00,0.00
20260828,10023226502664,15,0,0.00,0.00,0.00,0.00,0.00,0.00,0.00,0.00
20260828,10030490013518,9,0,0.00,0.00,0.00,0.00,0.00,0.00,0.00,0.00
20260828,10021163283996,10,1,10.00,0.37,37.00,0.37,0.00,0.00,0.00,0.00
20260828,10027980566316,341,7,2.05,7.42,21.76,1.06,0.00,0.00,0.00,0.00
20260828,10024708821466,1,0,0.00,0.00,0.00,0.00,0.00,0.00,0.00,0.00
20260828,10025770299495,4866,44,0.90,112.09,23.04,2.55,6.82,395.70,3.53,37.36
20260828,10023811607179,21,0,0.00,0.00,0.00,0.00,0.00,0.00,0.00,0.00
20260828,10023538975917,1,0,0.00,0.00,0.00,0.00,0.00,0.00,0.00,0.00
20260828,10021445014732,2,0,0.00,0.00,0.00,0.00,0.00,0.00,0.00,0.00
20260828,10024290283188,75,2,2.67,4.37,58.27,2.19,0.00,0.00,0.00,0.00
20260828,10028129612090,4,0,0.00,0.00,0.00,0.00,0.00,0.00,0.00,0.00
20260828,10026798016456,99,1,1.01,0.53,5.35,0.53,0.00,0.00,0.00,0.00
20260828,10023076640352,63,1,1.59,0.32,5.08,0.32,0.00,0.00,0.00,0.00
20260828,10025545123115,7,0,0.00,0.00,0.00,0.00,0.00,0.00,0.00,0.00
20260828,10020741022232,1,0,0.00,0.00,0.00,0.00,0.00,0.00,0.00,0.00
20260828,10023547681960,1,0,0.00,0.00,0.00,0.00,0.00,0.00,0.00,0.00
20260828,10020755311933,2,0,0.00,0.00,0.00,0.00,0.00,0.00,0.00,0.00
20260828,10028967721938,36,0,0.00,0.00,0.00,0.00,0.00,0.00,0.00,0.00
20260828,10020730849566,2,0,0.00,0.00,0.00,0.00,0.00,0.00,0.00,0.00
20260828,10023545047243,1,0,0.00,0.00,0.00,0.00,0.00,0.00,0.00,0.00
20260828,10035672715685,489,7,1.43,33.54,68.59,4.79,0.00,0.00,0.00,0.00
20260828,10024373885691,2,0,0.00,0.00,0.00,0.00,0.00,0.00,0.00,0.00
20260828,10024993630147,2,0,0.00,0.00,0.00,0.00,0.00,0.00,0.00,0.00
20260828,10025938955422,19,0,0.00,0.00,0.00,0.00,0.00,0.00,0.00,0.00
20260828,10028194414070,46,3,6.52,5.94,129.13,1.98,0.00,0.00,0.00,0.00
20260828,10024424355313,46,0,0.00,0.00,0.00,0.00,0.00,0.00,0.00,0.00
20260828,10028680677230,1,0,0.00,0.00,0.00,0.00,0.00,0.00,0.00,0.00
20260828,10025624451053,2,0,0.00,0.00,0.00,0.00,0.00,0.00,0.00,0.00
20260828,10025624289680,1,0,0.00,0.00,0.00,0.00,0.00,0.00,0.00,0.00
20260828,10023075672071,9,1,11.11,2.23,247.78,2.23,0.00,0.00,0.00,0.00
20260828,10023068330393,1375,90,6.55,217.70,158.33,2.42,0.00,0.00,0.00,0.00
20260828,10021523335686,20,0,0.00,0.00,0.00,0.00,0.00,0.00,0.00,0.00
20260828,10025177501039,2190,67,3.06,126.43,57.73,1.89,4.48,216.00,1.71,42.14
20260828,10033813180150,23,0,0.00,0.00,0.00,0.00,0.00,0.00,0.00,0.00
20260828,10028126660187,15,0,0.00,0.00,0.00,0.00,0.00,0.00,0.00,0.00
20260828,10020729313552,9,0,0.00,0.00,0.00,0.00,0.00,0.00,0.00,0.00
20260828,10023404211120,5,0,0.00,0.00,0.00,0.00,0.00,0.00,0.00,0.00
20260828,10030194543445,43,1,2.33,1.95,45.35,1.95,0.00,0.00,0.00,0.00
20260828,10020726348520,5,0,0.00,0.00,0.00,0.00,0.00,0.00,0.00,0.00
20260828,10026124130028,41,1,2.44,0.44,10.73,0.44,0.00,0.00,0.00,0.00
20260828,10021435521884,139,1,0.72,2.54,18.27,2.54,0.00,0.00,0.00,0.00
20260828,10029722968460,1,0,0.00,0.00,0.00,0.00,0.00,0.00,0.00,0.00
20260828,10029889512002,8,0,0.00,0.00,0.00,0.00,0.00,0.00,0.00,0.00
20260827,10020755311933,1,0,0.00,0.00,0.00,0.00,0.00,0.00,0.00,0.00
20260827,10020741022232,11,0,0.00,0.00,0.00,0.00,0.00,0.00,0.00,0.00
20260827,10021435658326,4,1,25.00,0.49,122.50,0.49,0.00,0.00,0.00,0.00
20260827,10021523335686,32,1,3.13,2.20,68.75,2.20,0.00,0.00,0.00,0.00
20260827,10021285672106,2,0,0.00,0.00,0.00,0.00,0.00,0.00,0.00,0.00
20260827,10023226165244,12,3,25.00,5.42,451.67,1.81,0.00,0.00,0.00,0.00
20260827,10020645934848,3196,166,5.19,199.30,62.36,1.20,12.05,1192.90,5.99,9.97
20260827,10023076640352,151,4,2.65,5.03,33.31,1.26,0.00,0.00,0.00,0.00
20260827,10021068731174,11,0,0.00,0.00,0.00,0.00,0.00,0.00,0.00,0.00
20260827,10023081145616,6,0,0.00,0.00,0.00,0.00,0.00,0.00,0.00,0.00
20260827,10023217364995,1,0,0.00,0.00,0.00,0.00,0.00,0.00,0.00,0.00
20260827,10023178973743,6,0,0.00,0.00,0.00,0.00,0.00,0.00,0.00,0.00
20260827,10024434790209,12,0,0.00,0.00,0.00,0.00,0.00,0.00,0.00,0.00
20260827,10028194414070,1,0,0.00,0.00,0.00,0.00,0.00,0.00,0.00,0.00
20260827,10020756017881,5,1,20.00,1.24,248.00,1.24,0.00,0.00,0.00,0.00
20260827,10021435521884,19,1,5.26,1.79,94.21,1.79,0.00,0.00,0.00,0.00
20260827,10024475017626,1,0,0.00,0.00,0.00,0.00,0.00,0.00,0.00,0.00
20260827,10023193612354,34,0,0.00,0.00,0.00,0.00,0.00,0.00,0.00,0.00
20260827,10020990313264,43,2,4.65,4.34,100.93,2.17,0.00,0.00,0.00,0.00
20260827,10023193840131,2,0,0.00,0.00,0.00,0.00,0.00,0.00,0.00,0.00
20260827,10020755063075,19,0,0.00,0.00,0.00,0.00,0.00,0.00,0.00,0.00
20260827,10021521669456,5,0,0.00,0.00,0.00,0.00,0.00,0.00,0.00,0.00
20260827,10030732402877,3,0,0.00,0.00,0.00,0.00,0.00,0.00,0.00,0.00
20260827,10033813180150,2,0,0.00,0.00,0.00,0.00,0.00,0.00,0.00,0.00
20260827,10034334035903,1,0,0.00,0.00,0.00,0.00,0.00,0.00,0.00,0.00
20260827,10020729353968,4,0,0.00,0.00,0.00,0.00,0.00,0.00,0.00,0.00
20260827,10030562001116,3,0,0.00,0.00,0.00,0.00,0.00,0.00,0.00,0.00
20260827,10023547711994,2,0,0.00,0.00,0.00,0.00,0.00,0.00,0.00,0.00
20260827,10024373885691,6,0,0.00,0.00,0.00,0.00,0.00,0.00,0.00,0.00
20260827,10024279036098,939,60,6.39,101.04,107.60,1.68,5.00,55.00,0.54,33.68
20260827,10023551358674,9,0,0.00,0.00,0.00,0.00,0.00,0.00,0.00,0.00
20260827,10030125372947,13,0,0.00,0.00,0.00,0.00,0.00,0.00,0.00,0.00
20260827,10023547681960,2,0,0.00,0.00,0.00,0.00,0.00,0.00,0.00,0.00
20260827,10020730659764,2,0,0.00,0.00,0.00,0.00,0.00,0.00,0.00,0.00
20260827,10023811607179,3,0,0.00,0.00,0.00,0.00,0.00,0.00,0.00,0.00
20260827,10030786155452,8,0,0.00,0.00,0.00,0.00,0.00,0.00,0.00,0.00
20260827,10020729169032,44,0,0.00,0.00,0.00,0.00,0.00,0.00,0.00,0.00
20260827,10023329017146,1,0,0.00,0.00,0.00,0.00,0.00,0.00,0.00,0.00
20260827,10023545047243,2,0,0.00,0.00,0.00,0.00,0.00,0.00,0.00,0.00
20260827,10023194078200,16,0,0.00,0.00,0.00,0.00,0.00,0.00,0.00,0.00
20260827,10028129612090,3,0,0.00,0.00,0.00,0.00,0.00,0.00,0.00,0.00
20260827,10021163283996,14,0,0.00,0.00,0.00,0.00,0.00,0.00,0.00,0.00
20260827,10020732120696,10,0,0.00,0.00,0.00,0.00,0.00,0.00,0.00,0.00
20260827,10020871043315,3,0,0.00,0.00,0.00,0.00,0.00,0.00,0.00,0.00
20260827,10023068330393,2003,107,5.34,196.37,98.04,1.84,1.87,403.28,2.05,98.19
20260827,10026124130028,28,3,10.71,5.03,179.64,1.68,0.00,0.00,0.00,0.00
20260827,10020729313552,13,1,7.69,1.91,146.92,1.91,0.00,0.00,0.00,0.00
20260827,10023075672071,13,0,0.00,0.00,0.00,0.00,0.00,0.00,0.00,0.00
20260827,10024542948750,11,0,0.00,0.00,0.00,0.00,0.00,0.00,0.00,0.00
20260827,10025624451053,9,0,0.00,0.00,0.00,0.00,0.00,0.00,0.00,0.00
20260827,10021060138667,178,3,1.69,4.70,26.40,1.57,0.00,0.00,0.00,0.00
20260827,10023551386854,1,0,0.00,0.00,0.00,0.00,0.00,0.00,0.00,0.00
20260827,10028936125946,48,0,0.00,0.00,0.00,0.00,0.00,0.00,0.00,0.00
20260827,10020647332922,5263,241,4.58,232.59,44.19,0.97,3.32,976.00,4.20,29.07
20260827,10027997801859,47,2,4.26,4.97,105.74,2.49,0.00,0.00,0.00,0.00
20260827,10023832445126,33,2,6.06,3.43,103.94,1.72,0.00,0.00,0.00,0.00
20260827,10027980566316,150,5,3.33,9.71,64.73,1.94,0.00,0.00,0.00,0.00
20260827,10024354948547,11,0,0.00,0.00,0.00,0.00,0.00,0.00,0.00,0.00
20260827,10021064686221,19,0,0.00,0.00,0.00,0.00,0.00,0.00,0.00,0.00
20260827,10023226502664,11,1,9.09,1.51,137.27,1.51,0.00,0.00,0.00,0.00
20260827,10024316932232,1,0,0.00,0.00,0.00,0.00,0.00,0.00,0.00,0.00
20260827,10024993630147,2,0,0.00,0.00,0.00,0.00,0.00,0.00,0.00,0.00
20260827,10020726348520,2,0,0.00,0.00,0.00,0.00,0.00,0.00,0.00,0.00
20260827,10030293373229,1,0,0.00,0.00,0.00,0.00,0.00,0.00,0.00,0.00
20260827,10020643083073,270,2,0.74,8.23,30.48,4.12,0.00,0.00,0.00,0.00
20260827,10020729237567,2389,43,1.80,95.15,39.83,2.21,9.30,741.50,7.79,23.79
20260827,10030490013518,1,0,0.00,0.00,0.00,0.00,0.00,0.00,0.00,0.00
20260827,10021445014732,5,0,0.00,0.00,0.00,0.00,0.00,0.00,0.00,0.00
20260827,10024275156623,1,0,0.00,0.00,0.00,0.00,0.00,0.00,0.00,0.00
20260827,10022081799600,62,1,1.61,1.72,27.74,1.72,0.00,0.00,0.00,0.00
20260827,10023976770419,1121,42,3.75,111.73,99.67,2.66,11.90,418.30,3.74,22.35
20260827,10026798016456,80,2,2.50,4.11,51.38,2.06,0.00,0.00,0.00,0.00
20260827,10026158146501,36,0,0.00,0.00,0.00,0.00,0.00,0.00,0.00,0.00
20260827,10024644489006,23,2,8.70,6.29,273.48,3.15,0.00,0.00,0.00,0.00
20260827,10024297447563,7,0,0.00,0.00,0.00,0.00,0.00,0.00,0.00,0.00
20260827,10024177750157,3,0,0.00,0.00,0.00,0.00,0.00,0.00,0.00,0.00
20260827,10029889512002,13,3,23.08,1.24,95.38,0.41,0.00,0.00,0.00,0.00
20260827,10028330722803,3,0,0.00,0.00,0.00,0.00,0.00,0.00,0.00,0.00
20260827,10024418312615,7,0,0.00,0.00,0.00,0.00,0.00,0.00,0.00,0.00
20260827,10023063886084,48,0,0.00,0.00,0.00,0.00,0.00,0.00,0.00,0.00
20260827,10023404211120,7,0,0.00,0.00,0.00,0.00,0.00,0.00,0.00,0.00
20260827,10028126660187,12,0,0.00,0.00,0.00,0.00,0.00,0.00,0.00,0.00
20260827,10027090410403,22,0,0.00,0.00,0.00,0.00,0.00,0.00,0.00,0.00
20260827,10028967721938,33,2,6.06,2.67,80.91,1.34,0.00,0.00,0.00,0.00
20260827,10025545123115,31,1,3.23,2.17,70.00,2.17,0.00,0.00,0.00,0.00
20260827,10023066880329,43,1,2.33,0.55,12.79,0.55,0.00,0.00,0.00,0.00
20260827,10024906216952,66,1,1.52,1.88,28.48,1.88,0.00,0.00,0.00,0.00
20260827,10026793124801,5,0,0.00,0.00,0.00,0.00,0.00,0.00,0.00,0.00
20260827,10024708821466,9,0,0.00,0.00,0.00,0.00,0.00,0.00,0.00,0.00
20260827,10020730849566,3,0,0.00,0.00,0.00,0.00,0.00,0.00,0.00,0.00
20260827,10025029713977,23,1,4.35,1.59,69.13,1.59,0.00,0.00,0.00,0.00
20260827,10024117909789,5,0,0.00,0.00,0.00,0.00,0.00,0.00,0.00,0.00
20260827,10025177501039,1996,62,3.11,104.29,52.25,1.68,3.23,536.00,5.14,52.15
20260827,10023538975917,21,0,0.00,0.00,0.00,0.00,0.00,0.00,0.00,0.00
20260827,0,43,18,41.86,35.40,823.26,1.97,11.11,76.60,2.16,17.70
20260827,10035672715685,11,1,9.09,0.17,15.45,0.17,0.00,0.00,0.00,0.00
20260827,10027864367816,1008,23,2.28,93.02,92.28,4.04,4.35,10.90,0.12,93.02
20260827,10024290283188,53,1,1.89,1.79,33.77,1.79,0.00,0.00,0.00,0.00
20260827,10025770299495,4030,50,1.24,101.12,25.09,2.02,4.00,644.40,6.37,50.56
20260827,10025938955422,7,0,0.00,0.00,0.00,0.00,0.00,0.00,0.00,0.00
20260827,10025624289680,9,0,0.00,0.00,0.00,0.00,0.00,0.00,0.00,0.00
20260827,10024424355313,5,1,20.00,2.43,486.00,2.43,0.00,0.00,0.00,0.00
20260826,10024708821466,19,1,5.26,4.40,231.58,4.40,0.00,0.00,0.00,0.00
20260826,10023066880329,7,0,0.00,0.00,0.00,0.00,0.00,0.00,0.00,0.00
20260826,10024906216952,16,0,0.00,0.00,0.00,0.00,0.00,0.00,0.00,0.00
20260826,10020871043315,18,0,0.00,0.00,0.00,0.00,0.00,0.00,0.00,0.00
20260826,10023217364995,7,1,14.29,1.24,177.14,1.24,0.00,0.00,0.00,0.00
20260826,10020729237567,2139,59,2.76,102.34,47.84,1.73,11.86,883.10,8.63,14.62
20260826,10023068330393,1725,74,4.29,215.95,125.19,2.92,0.00,0.00,0.00,0.00
20260826,10028330722803,8,0,0.00,0.00,0.00,0.00,0.00,0.00,0.00,0.00
20260826,10030562001116,7,0,0.00,0.00,0.00,0.00,0.00,0.00,0.00,0.00
20260826,10027997801859,20,0,0.00,0.00,0.00,0.00,0.00,0.00,0.00,0.00
20260826,10025545123115,11,0,0.00,0.00,0.00,0.00,0.00,0.00,0.00,0.00
20260826,10034334035903,1,0,0.00,0.00,0.00,0.00,0.00,0.00,0.00,0.00
20260826,10028129612090,5,0,0.00,0.00,0.00,0.00,0.00,0.00,0.00,0.00
20260826,10020645934848,3407,117,3.43,197.31,57.91,1.69,10.26,1040.10,5.27,16.44
20260826,10025624289680,20,0,0.00,0.00,0.00,0.00,0.00,0.00,0.00,0.00
20260826,10035672715685,10,1,10.00,1.21,121.00,1.21,0.00,0.00,0.00,0.00
20260826,10020755311933,1,0,0.00,0.00,0.00,0.00,0.00,0.00,0.00,0.00
20260826,10024475017626,1,0,0.00,0.00,0.00,0.00,0.00,0.00,0.00,0.00
20260826,10023274684408,1,0,0.00,0.00,0.00,0.00,0.00,0.00,0.00,0.00
20260826,10026793124801,5,0,0.00,0.00,0.00,0.00,0.00,0.00,0.00,0.00
20260826,10023329017146,1,0,0.00,0.00,0.00,0.00,0.00,0.00,0.00,0.00
20260826,10027864367816,1220,26,2.13,91.88,75.31,3.53,3.85,66.40,0.72,91.88
20260826,10020990313264,15,0,0.00,0.00,0.00,0.00,0.00,0.00,0.00,0.00
20260826,10020730849566,8,2,25.00,1.70,212.50,0.85,0.00,0.00,0.00,0.00
20260826,10024999078656,1,0,0.00,0.00,0.00,0.00,0.00,0.00,0.00,0.00
20260826,10026798016456,2,0,0.00,0.00,0.00,0.00,0.00,0.00,0.00,0.00
20260826,10021060138667,98,9,9.18,13.75,140.31,1.53,33.33,411.80,29.95,4.58
20260826,10020756017881,4,0,0.00,0.00,0.00,0.00,0.00,0.00,0.00,0.00
20260826,10024434790209,5,0,0.00,0.00,0.00,0.00,0.00,0.00,0.00,0.00
20260826,10020729313552,16,0,0.00,0.00,0.00,0.00,0.00,0.00,0.00,0.00
20260826,10023194078200,2,0,0.00,0.00,0.00,0.00,0.00,0.00,0.00,0.00
20260826,10023811607179,15,0,0.00,0.00,0.00,0.00,0.00,0.00,0.00,0.00
20260826,10023075672071,8,0,0.00,0.00,0.00,0.00,0.00,0.00,0.00,0.00
20260826,10023404211120,4,0,0.00,0.00,0.00,0.00,0.00,0.00,0.00,0.00
20260826,0,29,13,44.83,22.03,759.66,1.69,7.69,467.00,21.20,22.03
20260826,10023976770419,1180,41,3.47,105.07,89.04,2.56,14.63,262.68,2.50,17.51
20260826,10030786155452,19,1,5.26,0.28,14.74,0.28,0.00,0.00,0.00,0.00
20260826,10028967721938,19,1,5.26,0.37,19.47,0.37,0.00,0.00,0.00,0.00
20260826,10021435658326,7,0,0.00,0.00,0.00,0.00,0.00,0.00,0.00,0.00
20260826,10021435521884,4,0,0.00,0.00,0.00,0.00,0.00,0.00,0.00,0.00
20260826,10024316932232,2,0,0.00,0.00,0.00,0.00,0.00,0.00,0.00,0.00
20260826,10024542948750,23,0,0.00,0.00,0.00,0.00,0.00,0.00,0.00,0.00
20260826,10023545047243,6,0,0.00,0.00,0.00,0.00,0.00,0.00,0.00,0.00
20260826,10021523335686,10,0,0.00,0.00,0.00,0.00,0.00,0.00,0.00,0.00
20260826,10020741022232,5,0,0.00,0.00,0.00,0.00,0.00,0.00,0.00,0.00
20260826,10028126660187,3,0,0.00,0.00,0.00,0.00,0.00,0.00,0.00,0.00
20260826,10024297447563,13,2,15.38,6.18,475.38,3.09,0.00,0.00,0.00,0.00
20260826,10021445014732,9,0,0.00,0.00,0.00,0.00,0.00,0.00,0.00,0.00
20260826,10027980566316,58,4,6.90,1.17,20.17,0.29,0.00,0.00,0.00,0.00
20260826,10020730659764,4,0,0.00,0.00,0.00,0.00,0.00,0.00,0.00,0.00
20260826,10024644489006,8,2,25.00,3.58,447.50,1.79,0.00,0.00,0.00,0.00
20260826,10023551358674,2,0,0.00,0.00,0.00,0.00,0.00,0.00,0.00,0.00
20260826,10020643083073,106,9,8.49,11.96,112.83,1.33,0.00,0.00,0.00,0.00
20260826,10023226502664,16,2,12.50,1.15,71.88,0.58,0.00,0.00,0.00,0.00
20260826,10024279036098,1084,55,5.07,72.84,67.20,1.32,5.45,224.10,3.08,24.28
20260826,10021163283996,3,0,0.00,0.00,0.00,0.00,0.00,0.00,0.00,0.00
20260826,10020755063075,25,1,4.00,0.92,36.80,0.92,0.00,0.00,0.00,0.00
20260826,10028936125946,53,2,3.77,2.34,44.15,1.17,0.00,0.00,0.00,0.00
20260826,10033813180150,2,0,0.00,0.00,0.00,0.00,0.00,0.00,0.00,0.00
20260826,10024424355313,9,1,11.11,0.24,26.67,0.24,0.00,0.00,0.00,0.00
20260826,10025177501039,2003,52,2.60,98.47,49.16,1.89,5.77,535.00,5.43,32.82
20260826,10020647332922,4443,231,5.20,203.71,45.85,0.88,6.49,2348.00,11.53,13.58
20260826,10022081799600,27,1,3.70,1.78,65.93,1.78,0.00,0.00,0.00,0.00
20260826,10025624451053,9,0,0.00,0.00,0.00,0.00,0.00,0.00,0.00,0.00
20260826,10021068731174,10,0,0.00,0.00,0.00,0.00,0.00,0.00,0.00,0.00
20260826,10028194414070,2,0,0.00,0.00,0.00,0.00,0.00,0.00,0.00,0.00
20260826,10030293373229,4,0,0.00,0.00,0.00,0.00,0.00,0.00,0.00,0.00
20260826,10027090410403,31,2,6.45,0.99,31.94,0.50,50.00,109.80,110.91,0.99
20260826,10023076640352,70,5,7.14,1.45,20.71,0.29,0.00,0.00,0.00,0.00
20260826,10020732120696,14,1,7.14,0.50,35.71,0.50,0.00,0.00,0.00,0.00
20260826,10024290283188,25,1,4.00,5.16,206.40,5.16,0.00,0.00,0.00,0.00
20260826,10029889512002,43,1,2.33,0.60,13.95,0.60,0.00,0.00,0.00,0.00
20260826,10023226321640,1,0,0.00,0.00,0.00,0.00,0.00,0.00,0.00,0.00
20260826,10025770299495,4274,52,1.22,206.56,48.33,3.97,3.85,266.40,1.29,103.28
20260826,10026124130028,13,0,0.00,0.00,0.00,0.00,0.00,0.00,0.00,0.00
20260826,10030125372947,28,1,3.57,0.21,7.50,0.21,0.00,0.00,0.00,0.00
20260826,10025938955422,5,1,20.00,5.10,1020.00,5.10,200.00,857.00,168.04,2.55
20260826,10023226165244,23,2,8.70,1.14,49.57,0.57,0.00,0.00,0.00,0.00
20260826,10023832445126,9,1,11.11,0.29,32.22,0.29,0.00,0.00,0.00,0.00
20260826,10020729353968,11,0,0.00,0.00,0.00,0.00,0.00,0.00,0.00,0.00
20260826,10023547711994,1,0,0.00,0.00,0.00,0.00,0.00,0.00,0.00,0.00
20260826,10023193840131,2,0,0.00,0.00,0.00,0.00,0.00,0.00,0.00,0.00
20260826,10024418312615,7,1,14.29,0.62,88.57,0.62,0.00,0.00,0.00,0.00
20260826,10026158146501,2,0,0.00,0.00,0.00,0.00,0.00,0.00,0.00,0.00
20260826,10023063886084,6,0,0.00,0.00,0.00,0.00,0.00,0.00,0.00,0.00
20260826,10021521669456,5,0,0.00,0.00,0.00,0.00,0.00,0.00,0.00,0.00
20260826,10023193612354,4,0,0.00,0.00,0.00,0.00,0.00,0.00,0.00,0.00
20260826,10024354948547,5,0,0.00,0.00,0.00,0.00,0.00,0.00,0.00,0.00
20260826,10025029713977,5,0,0.00,0.00,0.00,0.00,0.00,0.00,0.00,0.00
20260826,10020726348520,5,1,20.00,1.02,204.00,1.02,0.00,0.00,0.00,0.00
20260826,10023547681960,2,0,0.00,0.00,0.00,0.00,0.00,0.00,0.00,0.00
20260826,10020729169032,59,1,1.69,0.89,15.08,0.89,0.00,0.00,0.00,0.00
20260825,10026124130028,7,1,14.29,0.84,120.00,0.84,0.00,0.00,0.00,0.00
20260825,10021163283996,39,3,7.69,2.70,69.23,0.90,0.00,0.00,0.00,0.00
20260825,10021521669456,14,1,7.14,3.21,229.29,3.21,0.00,0.00,0.00,0.00
20260825,10023076640352,98,5,5.10,7.74,78.98,1.55,0.00,0.00,0.00,0.00
20260825,10020871043315,17,0,0.00,0.00,0.00,0.00,0.00,0.00,0.00,0.00
20260825,10027997801859,14,0,0.00,0.00,0.00,0.00,0.00,0.00,0.00,0.00
20260825,10023226165244,8,0,0.00,0.00,0.00,0.00,0.00,0.00,0.00,0.00
20260825,10024117909789,1,0,0.00,0.00,0.00,0.00,0.00,0.00,0.00,0.00
20260825,10030732402877,2,0,0.00,0.00,0.00,0.00,0.00,0.00,0.00,0.00
20260825,10020647332922,4858,191,3.93,217.89,44.85,1.14,7.33,1341.79,6.16,15.56
20260825,10024279036098,1589,84,5.29,106.39,66.95,1.27,5.95,222.50,2.09,21.28
20260825,10030786155452,25,2,8.00,0.84,33.60,0.42,0.00,0.00,0.00,0.00
20260825,10026793124801,5,0,0.00,0.00,0.00,0.00,0.00,0.00,0.00,0.00
20260825,10023193612354,7,0,0.00,0.00,0.00,0.00,0.00,0.00,0.00,0.00
20260825,10024708821466,21,0,0.00,0.00,0.00,0.00,0.00,0.00,0.00,0.00
20260825,10028680677230,2,0,0.00,0.00,0.00,0.00,0.00,0.00,0.00,0.00
20260825,10026798016456,5,0,0.00,0.00,0.00,0.00,0.00,0.00,0.00,0.00
20260825,10025545123115,10,1,10.00,1.27,127.00,1.27,0.00,0.00,0.00,0.00
20260825,10027090410403,15,1,6.67,0.10,6.67,0.10,100.00,99.80,998.00,0.10
20260825,10020755311933,1,0,0.00,0.00,0.00,0.00,0.00,0.00,0.00,0.00
20260825,10027864367816,2172,26,1.20,90.83,41.82,3.49,7.69,377.50,4.16,45.42
20260825,10021068731174,2,0,0.00,0.00,0.00,0.00,0.00,0.00,0.00,0.00
20260825,10028967721938,12,1,8.33,1.43,119.17,1.43,200.00,378.00,264.34,0.72
20260825,10030562001116,10,0,0.00,0.00,0.00,0.00,0.00,0.00,0.00,0.00
20260825,10025624289680,15,0,0.00,0.00,0.00,0.00,0.00,0.00,0.00,0.00
20260825,10023075672071,18,1,5.56,0.39,21.67,0.39,0.00,0.00,0.00,0.00
20260825,10021060138667,103,5,4.85,1.45,14.08,0.29,0.00,0.00,0.00,0.00
20260825,10024297481164,1,0,0.00,0.00,0.00,0.00,0.00,0.00,0.00,0.00
20260825,10021435521884,11,0,0.00,0.00,0.00,0.00,0.00,0.00,0.00,0.00
20260825,10023551358674,3,0,0.00,0.00,0.00,0.00,0.00,0.00,0.00,0.00
20260825,10021285672106,2,0,0.00,0.00,0.00,0.00,0.00,0.00,0.00,0.00
20260825,10024297447563,11,0,0.00,0.00,0.00,0.00,0.00,0.00,0.00,0.00
20260825,10020645934848,3565,121,3.39,197.58,55.42,1.63,10.74,537.10,2.72,15.20
20260825,10020729353968,4,0,0.00,0.00,0.00,0.00,0.00,0.00,0.00,0.00
20260825,10024654529738,1,0,0.00,0.00,0.00,0.00,0.00,0.00,0.00,0.00
20260825,10030293373229,23,2,8.70,2.97,129.13,1.49,0.00,0.00,0.00,0.00
20260825,10023832445126,17,3,17.65,1.04,61.18,0.35,0.00,0.00,0.00,0.00
20260825,10022081799600,16,2,12.50,0.50,31.25,0.25,0.00,0.00,0.00,0.00
20260825,10020729237567,2663,50,1.88,77.65,29.16,1.55,8.00,452.70,5.83,19.41
20260825,10024906216952,25,0,0.00,0.00,0.00,0.00,0.00,0.00,0.00,0.00
20260825,10028129612090,5,1,20.00,0.36,72.00,0.36,0.00,0.00,0.00,0.00
20260825,10023976770419,1455,53,3.64,108.22,74.38,2.04,16.98,617.13,5.70,12.02
20260825,10023063886084,5,0,0.00,0.00,0.00,0.00,0.00,0.00,0.00,0.00
20260825,10024290283188,39,3,7.69,0.78,20.00,0.26,33.33,43.90,56.28,0.78
20260825,10021435658326,5,0,0.00,0.00,0.00,0.00,0.00,0.00,0.00,0.00
20260825,10034334035903,13,1,7.69,0.33,25.38,0.33,0.00,0.00,0.00,0.00
20260825,10021064686221,12,0,0.00,0.00,0.00,0.00,0.00,0.00,0.00,0.00
20260825,10020729169032,59,1,1.69,5.00,84.75,5.00,0.00,0.00,0.00,0.00
20260825,10024373885691,2,0,0.00,0.00,0.00,0.00,0.00,0.00,0.00,0.00
20260825,10028330722803,4,0,0.00,0.00,0.00,0.00,0.00,0.00,0.00,0.00
20260825,10023068330393,1713,78,4.55,212.13,123.84,2.72,1.28,467.00,2.20,212.13
20260825,10024434790209,19,0,0.00,0.00,0.00,0.00,0.00,0.00,0.00,0.00
20260825,10023404211120,3,0,0.00,0.00,0.00,0.00,0.00,0.00,0.00,0.00
20260825,10025938955422,4,1,25.00,0.83,207.50,0.83,0.00,0.00,0.00,0.00
20260825,10025770299495,1568,41,2.61,159.03,101.42,3.88,9.76,8470.40,53.26,39.76
20260825,10024354948547,4,0,0.00,0.00,0.00,0.00,0.00,0.00,0.00,0.00
20260825,10021445014732,1,0,0.00,0.00,0.00,0.00,0.00,0.00,0.00,0.00
20260825,10024424355313,4,0,0.00,0.00,0.00,0.00,0.00,0.00,0.00,0.00
20260825,10023217364995,4,0,0.00,0.00,0.00,0.00,0.00,0.00,0.00,0.00
20260825,10023538975917,4,0,0.00,0.00,0.00,0.00,0.00,0.00,0.00,0.00
20260825,10024418312615,11,0,0.00,0.00,0.00,0.00,0.00,0.00,0.00,0.00
20260825,10024542948750,35,0,0.00,0.00,0.00,0.00,0.00,0.00,0.00,0.00
20260825,10020990313264,2,0,0.00,0.00,0.00,0.00,0.00,0.00,0.00,0.00
20260825,10030576776716,1,0,0.00,0.00,0.00,0.00,0.00,0.00,0.00,0.00
20260825,10025029713977,13,0,0.00,0.00,0.00,0.00,0.00,0.00,0.00,0.00
20260825,10027980566316,68,4,5.88,0.93,13.68,0.23,0.00,0.00,0.00,0.00
20260825,10023193840131,2,0,0.00,0.00,0.00,0.00,0.00,0.00,0.00,0.00
20260825,10020755063075,19,0,0.00,0.00,0.00,0.00,0.00,0.00,0.00,0.00
20260825,10024993630147,3,0,0.00,0.00,0.00,0.00,0.00,0.00,0.00,0.00
20260825,10035672715685,22,0,0.00,0.00,0.00,0.00,0.00,0.00,0.00,0.00
20260825,10030125372947,45,6,13.33,5.34,118.67,0.89,0.00,0.00,0.00,0.00
20260825,10028194414070,1,0,0.00,0.00,0.00,0.00,0.00,0.00,0.00,0.00
20260825,10023066880329,17,0,0.00,0.00,0.00,0.00,0.00,0.00,0.00,0.00
20260825,10029722968460,2,0,0.00,0.00,0.00,0.00,0.00,0.00,0.00,0.00
20260825,10023545047243,7,0,0.00,0.00,0.00,0.00,0.00,0.00,0.00,0.00
20260825,10020726348520,2,0,0.00,0.00,0.00,0.00,0.00,0.00,0.00,0.00
20260825,10020756017881,8,0,0.00,0.00,0.00,0.00,0.00,0.00,0.00,0.00
20260825,10028936125946,37,1,2.70,1.31,35.41,1.31,0.00,0.00,0.00,0.00
20260825,10023551386854,2,0,0.00,0.00,0.00,0.00,0.00,0.00,0.00,0.00
20260825,10024177750157,2,0,0.00,0.00,0.00,0.00,0.00,0.00,0.00,0.00
20260825,0,160,20,12.50,16.02,100.13,0.80,10.00,244.15,15.24,8.01
20260825,10020741022232,4,1,25.00,2.14,535.00,2.14,0.00,0.00,0.00,0.00
20260825,10023547681960,2,0,0.00,0.00,0.00,0.00,0.00,0.00,0.00,0.00
20260825,10024644489006,8,0,0.00,0.00,0.00,0.00,0.00,0.00,0.00,0.00
20260825,10029889512002,88,2,2.27,0.49,5.57,0.25,0.00,0.00,0.00,0.00
20260825,10020729313552,24,2,8.33,1.50,62.50,0.75,0.00,0.00,0.00,0.00
20260825,10020643083073,166,6,3.61,9.50,57.23,1.58,0.00,0.00,0.00,0.00
20260825,10030490013518,3,0,0.00,0.00,0.00,0.00,0.00,0.00,0.00,0.00
20260825,10028126660187,5,1,20.00,0.42,84.00,0.42,0.00,0.00,0.00,0.00
20260825,10020730849566,4,0,0.00,0.00,0.00,0.00,0.00,0.00,0.00,0.00
20260825,10023178973743,2,0,0.00,0.00,0.00,0.00,0.00,0.00,0.00,0.00
20260825,10025624451053,5,0,0.00,0.00,0.00,0.00,0.00,0.00,0.00,0.00
20260825,10020732120696,15,1,6.67,2.55,170.00,2.55,0.00,0.00,0.00,0.00
20260825,10023811607179,4,0,0.00,0.00,0.00,0.00,0.00,0.00,0.00,0.00
20260825,10025177501039,3035,43,1.42,90.99,29.98,2.12,4.65,196.00,2.15,45.50
20260825,10023226502664,7,1,14.29,0.10,14.29,0.10,0.00,0.00,0.00,0.00
20260824,10023538975917,3,1,33.33,1.77,590.00,1.77,0.00,0.00,0.00,0.00
20260824,10023075672071,15,0,0.00,0.00,0.00,0.00,0.00,0.00,0.00,0.00
20260824,10021435658326,4,0,0.00,0.00,0.00,0.00,0.00,0.00,0.00,0.00
20260824,10029889512002,89,4,4.49,2.84,31.91,0.71,0.00,0.00,0.00,0.00
20260824,10024708821466,14,0,0.00,0.00,0.00,0.00,0.00,0.00,0.00,0.00
20260824,10021521669456,8,1,12.50,1.52,190.00,1.52,0.00,0.00,0.00,0.00
20260824,10025177501039,1314,34,2.59,79.21,60.28,2.33,2.94,278.00,3.51,79.21
20260824,10028967721938,17,1,5.88,0.67,39.41,0.67,0.00,0.00,0.00,0.00
20260824,10030125372947,14,1,7.14,1.47,105.00,1.47,0.00,0.00,0.00,0.00
20260824,10024434790209,24,0,0.00,0.00,0.00,0.00,0.00,0.00,0.00,0.00
20260824,10020755311933,3,0,0.00,0.00,0.00,0.00,0.00,0.00,0.00,0.00
20260824,10020730849566,1,0,0.00,0.00,0.00,0.00,0.00,0.00,0.00,0.00
20260824,10020756017881,11,0,0.00,0.00,0.00,0.00,0.00,0.00,0.00,0.00
20260824,10020729353968,12,1,8.33,4.29,357.50,4.29,0.00,0.00,0.00,0.00
20260824,10025938955422,8,0,0.00,0.00,0.00,0.00,0.00,0.00,0.00,0.00
20260824,10028936125946,12,1,8.33,1.51,125.83,1.51,0.00,0.00,0.00,0.00
20260824,10020729169032,16,0,0.00,0.00,0.00,0.00,0.00,0.00,0.00,0.00
20260824,10026124130028,6,0,0.00,0.00,0.00,0.00,0.00,0.00,0.00,0.00
20260824,10024644489006,4,0,0.00,0.00,0.00,0.00,0.00,0.00,0.00,0.00
20260824,0,293,20,6.83,20.97,71.57,1.05,5.00,42.75,2.04,20.97
20260824,10027864367816,1189,30,2.52,97.86,82.30,3.26,0.00,0.00,0.00,0.00
20260824,10023832445126,14,3,21.43,1.18,84.29,0.39,0.00,0.00,0.00,0.00
20260824,10023226502664,4,0,0.00,0.00,0.00,0.00,0.00,0.00,0.00,0.00
20260824,10020871043315,34,1,2.94,3.56,104.71,3.56,0.00,0.00,0.00,0.00
20260824,10023129966083,1,0,0.00,0.00,0.00,0.00,0.00,0.00,0.00,0.00
20260824,10024354948547,8,0,0.00,0.00,0.00,0.00,0.00,0.00,0.00,0.00
20260824,10023193840131,4,0,0.00,0.00,0.00,0.00,0.00,0.00,0.00,0.00
20260824,10021435521884,5,0,0.00,0.00,0.00,0.00,0.00,0.00,0.00,0.00
20260824,10023226165244,5,0,0.00,0.00,0.00,0.00,0.00,0.00,0.00,0.00
20260824,10020730659764,3,0,0.00,0.00,0.00,0.00,0.00,0.00,0.00,0.00
20260824,10020729313552,11,0,0.00,0.00,0.00,0.00,0.00,0.00,0.00,0.00
20260824,10024290283188,80,3,3.75,3.57,44.63,1.19,33.33,358.00,100.28,3.57
20260824,10021064686221,5,0,0.00,0.00,0.00,0.00,0.00,0.00,0.00,0.00
20260824,10025545123115,3,0,0.00,0.00,0.00,0.00,0.00,0.00,0.00,0.00
20260824,10023404211120,1,0,0.00,0.00,0.00,0.00,0.00,0.00,0.00,0.00
20260824,10020729237567,2378,58,2.44,83.49,35.11,1.44,6.90,511.40,6.13,20.87
20260824,10035672715685,2,0,0.00,0.00,0.00,0.00,0.00,0.00,0.00,0.00
20260824,10027090410403,17,0,0.00,0.00,0.00,0.00,0.00,0.00,0.00,0.00
20260824,10020990313264,2,0,0.00,0.00,0.00,0.00,0.00,0.00,0.00,0.00
20260824,10024906216952,18,3,16.67,2.67,148.33,0.89,0.00,0.00,0.00,0.00
20260824,10026798016456,2,0,0.00,0.00,0.00,0.00,0.00,0.00,0.00,0.00
20260824,10024418312615,7,1,14.29,1.18,168.57,1.18,0.00,0.00,0.00,0.00
20260824,10023068330393,1300,42,3.23,214.55,165.04,5.11,2.38,188.00,0.88,214.55
20260824,10023063886084,1,0,0.00,0.00,0.00,0.00,0.00,0.00,0.00,0.00
20260824,10025624289680,11,0,0.00,0.00,0.00,0.00,0.00,0.00,0.00,0.00
20260824,10024993630147,2,0,0.00,0.00,0.00,0.00,0.00,0.00,0.00,0.00
20260824,10026793124801,9,0,0.00,0.00,0.00,0.00,0.00,0.00,0.00,0.00
20260824,10028330722803,1,0,0.00,0.00,0.00,0.00,0.00,0.00,0.00,0.00
20260824,10020647332922,3443,161,4.68,220.69,64.10,1.37,4.97,1472.00,6.67,27.59
20260824,10023066880329,6,1,16.67,1.85,308.33,1.85,0.00,0.00,0.00,0.00
20260824,10028129612090,1,0,0.00,0.00,0.00,0.00,0.00,0.00,0.00,0.00
20260824,10024424355313,3,0,0.00,0.00,0.00,0.00,0.00,0.00,0.00,0.00
20260824,10020741022232,22,0,0.00,0.00,0.00,0.00,0.00,0.00,0.00,0.00
20260824,10021060138667,66,3,4.55,4.05,61.36,1.35,33.33,188.00,46.42,4.05
20260824,10027997801859,6,0,0.00,0.00,0.00,0.00,0.00,0.00,0.00,0.00
20260824,10024999078656,3,0,0.00,0.00,0.00,0.00,0.00,0.00,0.00,0.00
20260824,10024542948750,52,7,13.46,11.41,219.42,1.63,0.00,0.00,0.00,0.00
20260824,10023547711994,1,0,0.00,0.00,0.00,0.00,0.00,0.00,0.00,0.00
20260824,10023076640352,29,3,10.34,5.39,185.86,1.80,0.00,0.00,0.00,0.00
20260824,10023551358674,3,0,0.00,0.00,0.00,0.00,0.00,0.00,0.00,0.00
20260824,10030786155452,15,2,13.33,2.04,136.00,1.02,0.00,0.00,0.00,0.00
20260824,10023976770419,1520,82,5.39,106.94,70.36,1.30,10.98,584.63,5.47,11.88
20260824,10023217364995,1,0,0.00,0.00,0.00,0.00,0.00,0.00,0.00,0.00
20260824,10023226321640,4,0,0.00,0.00,0.00,0.00,0.00,0.00,0.00,0.00
20260824,10020732120696,2,0,0.00,0.00,0.00,0.00,0.00,0.00,0.00,0.00
20260824,10027980566316,40,2,5.00,0.84,21.00,0.42,50.00,39.00,46.43,0.84
20260824,10025624451053,1,0,0.00,0.00,0.00,0.00,0.00,0.00,0.00,0.00
20260824,10020645934848,3284,119,3.62,206.01,62.73,1.73,12.61,1071.04,5.20,13.73
20260824,10023193612354,9,0,0.00,0.00,0.00,0.00,0.00,0.00,0.00,0.00
20260824,10024297447563,17,0,0.00,0.00,0.00,0.00,0.00,0.00,0.00,0.00
20260824,10025029713977,5,0,0.00,0.00,0.00,0.00,0.00,0.00,0.00,0.00
20260824,10024279036098,1005,64,6.37,105.15,104.63,1.64,15.63,482.47,4.59,10.52
20260824,10022081799600,7,0,0.00,0.00,0.00,0.00,0.00,0.00,0.00,0.00
20260824,10023545047243,8,0,0.00,0.00,0.00,0.00,0.00,0.00,0.00,0.00
20260824,10021163283996,3,0,0.00,0.00,0.00,0.00,0.00,0.00,0.00,0.00
20260824,10020755063075,12,0,0.00,0.00,0.00,0.00,0.00,0.00,0.00,0.00
20260824,10034334035903,10,1,10.00,0.67,67.00,0.67,0.00,0.00,0.00,0.00
20260824,10025770299495,3797,65,1.71,180.87,47.63,2.78,4.62,406.40,2.25,60.29
20260824,10020643083073,284,9,3.17,8.91,31.37,0.99,0.00,0.00,0.00,0.00
20260823,10023976770419,2175,95,4.37,216.76,99.66,2.28,9.47,933.37,4.31,24.08
20260823,10024279036098,2192,108,4.93,178.84,81.59,1.66,7.41,284.10,1.59,22.36
20260823,10020729237567,1803,50,2.77,90.40,50.14,1.81,4.00,116.10,1.28,45.20
20260823,10025177501039,1528,63,4.12,155.31,101.64,2.47,6.35,392.00,2.52,38.83
20260823,10025770299495,4316,75,1.74,304.76,70.61,4.06,4.00,288.95,0.95,101.59
20260823,10020643083073,654,38,5.81,64.73,98.98,1.70,0.00,0.00,0.00,0.00
20260823,10027864367816,1141,34,2.98,174.22,152.69,5.12,5.88,555.00,3.19,87.11
20260823,10023068330393,1943,106,5.46,286.41,147.41,2.70,1.89,934.00,3.26,143.21
20260823,0,213,43,20.19,46.14,216.62,1.07,0.00,0.00,0.00,0.00
20260823,10020647332922,3249,126,3.88,181.84,55.97,1.44,7.14,1372.75,7.55,20.20
20260823,10020645934848,2994,132,4.41,197.24,65.88,1.49,6.82,497.35,2.52,21.92
20260822,10020645934848,4760,159,3.34,198.01,41.60,1.25,8.81,741.65,3.75,14.14
20260822,10020643083073,610,35,5.74,76.05,124.67,2.17,11.43,640.30,8.42,19.01
20260822,10020729237567,1540,53,3.44,89.96,58.42,1.70,7.55,508.40,5.65,22.49
20260822,10024279036098,2150,119,5.53,182.22,84.75,1.53,11.76,679.85,3.73,13.02
20260822,10027864367816,1021,26,2.55,107.52,105.31,4.14,19.23,307.50,2.86,21.50
20260822,10025770299495,3713,68,1.83,192.75,51.91,2.83,5.88,712.80,3.70,48.19
20260822,0,363,53,14.60,48.99,134.96,0.92,0.00,0.00,0.00,0.00
20260822,10025177501039,2695,59,2.19,172.77,64.11,2.93,8.47,870.00,5.04,34.55
20260822,10023068330393,1314,65,4.95,198.94,151.40,3.06,6.15,2005.00,10.08,49.74
20260822,10023976770419,2174,82,3.77,105.58,48.56,1.29,8.54,464.80,4.40,15.08
20260822,10020647332922,4324,237,5.48,158.76,36.72,0.67,5.91,1613.25,10.16,11.34
20260821,10025177501039,3167,69,2.18,237.11,74.87,3.44,2.90,157.00,0.66,118.56
20260821,10020645934848,6461,139,2.15,191.34,29.61,1.38,10.79,733.20,3.83,12.76
20260821,10020729237567,2186,51,2.33,88.60,40.53,1.74,7.84,522.26,5.89,22.15
20260821,10025770299495,4069,60,1.47,196.18,48.21,3.27,5.00,1056.60,5.39,65.39
20260821,10020647332922,3704,190,5.13,184.01,49.68,0.97,5.26,1392.00,7.56,18.40
20260821,10024279036098,2840,107,3.77,195.63,68.88,1.83,8.41,351.16,1.80,21.74
20260821,10027864367816,277,8,2.89,21.24,76.68,2.66,0.00,0.00,0.00,0.00
20260821,10023068330393,1509,61,4.04,212.12,140.57,3.48,0.00,0.00,0.00,0.00
20260821,0,1370,48,3.50,40.44,29.52,0.84,0.00,0.00,0.00,0.00
20260821,10020643083073,869,50,5.75,107.98,124.26,2.16,6.00,260.61,2.41,35.99
20260821,10023976770419,844,40,4.74,107.77,127.69,2.69,10.00,519.73,4.82,26.94
20260820,10025770299495,8380,103,1.23,260.37,31.07,2.53,1.94,563.40,2.16,130.19
20260820,10027864367816,1227,20,1.63,103.68,84.50,5.18,0.00,0.00,0.00,0.00
20260820,10020645934848,4402,176,4.00,326.36,74.14,1.85,11.93,1071.40,3.28,15.54
20260820,10023068330393,1145,54,4.72,214.59,187.41,3.97,3.70,934.00,4.35,107.30
20260820,0,2412,107,4.44,52.24,21.66,0.49,5.61,999.80,19.14,8.71
20260820,10020729237567,1795,57,3.18,89.64,49.94,1.57,7.02,144.20,1.61,22.41
20260820,10020647332922,3549,200,5.64,183.37,51.67,0.92,6.00,1552.00,8.46,15.28
20260820,10024279036098,3111,105,3.38,171.34,55.08,1.63,7.62,365.17,2.13,21.42
20260820,10023976770419,1138,54,4.75,110.00,96.66,2.04,9.26,520.85,4.74,22.00
20260820,10020643083073,792,44,5.56,101.77,128.50,2.31,4.55,185.10,1.82,50.89
20260820,10025177501039,3130,77,2.46,244.34,78.06,3.17,0.00,0.00,0.00,0.00
20260819,0,1538,57,3.71,32.30,21.00,0.57,0.00,0.00,0.00,0.00
20260819,10020645934848,6679,184,2.75,324.88,48.64,1.77,7.07,786.35,2.42,24.99
20260819,10023976770419,1198,37,3.09,107.43,89.67,2.90,16.22,381.03,3.55,17.91
20260819,10020647332922,5258,225,4.28,321.35,61.12,1.43,6.22,1666.60,5.19,22.95
20260819,10020643083073,861,29,3.37,70.31,81.66,2.42,10.34,190.90,2.72,23.44
20260819,10025770299495,8991,81,0.90,197.48,21.96,2.44,2.47,276.30,1.40,98.74
20260819,10027864367816,1847,27,1.46,104.98,56.84,3.89,3.70,434.00,4.13,104.98
20260819,10025177501039,3276,81,2.47,259.94,79.35,3.21,1.23,98.00,0.38,259.94
20260819,10023068330393,1714,77,4.49,321.54,187.60,4.18,7.79,2953.00,9.18,53.59
20260819,10020729237567,1309,46,3.51,90.54,69.17,1.97,0.00,0.00,0.00,0.00
20260819,10024279036098,2983,82,2.75,145.37,48.73,1.77,12.20,602.46,4.14,14.54
